AvgIpc,Area (anode),#N/C,BalabanJ,BCUT2D_MRHI,VSA_EState6,SMR_VSA7,q(C-)x,MolLogP,EState_VSA9,V,ηlocal,CD,pH,Egap,D,c(electrolyte) ,EHOMO ,E(NaCl),E(Na2SO4),T ,Cathode(Others)
0.5036 ,0.1027 ,-0.8057 ,-0.3722 ,-0.4221 ,-0.8610 ,0.4008 ,-0.2597 ,-1.1500 ,-0.1120 ,-0.5860 ,-0.7144 ,-1.1843 ,0.0206 ,-0.9102 ,0.2663 ,0.4142 ,0.3357 ,0,1,0.0544 ,0
0.5036 ,0.1027 ,-0.8057 ,-0.3722 ,-0.4221 ,-0.8610 ,0.4008 ,-0.2597 ,-1.1500 ,-0.1120 ,-0.5860 ,-0.7144 ,-1.1580 ,0.0206 ,-0.9102 ,0.2663 ,0.4142 ,0.3357 ,0,1,0.0544 ,0
0.5036 ,0.1027 ,-0.8057 ,-0.3722 ,-0.4221 ,-0.8610 ,0.4008 ,-0.2597 ,-1.1500 ,-0.1120 ,-0.5860 ,-0.7144 ,-1.1054 ,0.0206 ,-0.9102 ,0.2663 ,0.4142 ,0.3357 ,0,1,0.0544 ,0
0.5036 ,0.1027 ,-0.8057 ,-0.3722 ,-0.4221 ,-0.8610 ,0.4008 ,-0.2597 ,-1.1500 ,-0.1120 ,-0.5860 ,-0.7144 ,-1.0527 ,0.0206 ,-0.9102 ,0.2663 ,0.4142 ,0.3357 ,0,1,0.0544 ,0
0.5036 ,0.1027 ,-0.8057 ,-0.3722 ,-0.4221 ,-0.8610 ,0.4008 ,-0.2597 ,-1.1500 ,-0.1120 ,-0.5860 ,-0.7144 ,-1.1843 ,0.0206 ,-0.9102 ,0.2663 ,0.4142 ,0.3357 ,0,1,0.0544 ,0
0.5036 ,0.1027 ,-0.8057 ,-0.3722 ,-0.4221 ,-0.8610 ,0.4008 ,-0.2597 ,-1.1500 ,-0.1120 ,-0.5860 ,-0.7144 ,-1.1580 ,0.0206 ,-0.9102 ,0.2663 ,0.4142 ,0.3357 ,0,1,0.0544 ,0
0.5036 ,0.1027 ,-0.8057 ,-0.3722 ,-0.4221 ,-0.8610 ,0.4008 ,-0.2597 ,-1.1500 ,-0.1120 ,-0.5860 ,-0.7144 ,-1.0527 ,0.0206 ,-0.9102 ,0.2663 ,0.4142 ,0.3357 ,0,1,0.0544 ,0
0.0916 ,0.9417 ,-0.0934 ,0.5445 ,-2.1042 ,-0.7001 ,-0.3764 ,-0.4383 ,1.3316 ,2.0324 ,0.5846 ,-0.6810 ,-0.1576 ,0.6425 ,-0.4608 ,-0.6933 ,-0.3447 ,0.8681 ,0,1,0.0544 ,0
0.0916 ,0.9417 ,-0.0934 ,0.5445 ,-2.1042 ,-0.7001 ,-0.3764 ,-0.4383 ,1.3316 ,2.0324 ,0.5846 ,-0.6810 ,-0.1576 ,0.6425 ,-0.4608 ,-0.6933 ,-0.3447 ,0.8681 ,0,1,0.0544 ,0
0.0916 ,0.9417 ,-0.0934 ,0.5445 ,-2.1042 ,-0.7001 ,-0.3764 ,-0.4383 ,1.3316 ,2.0324 ,0.5846 ,-0.6810 ,-0.1576 ,0.6425 ,-0.4608 ,-0.6933 ,-0.3447 ,0.8681 ,0,1,0.0544 ,0
-0.9980 ,0.9858 ,1.9544 ,-0.1814 ,1.4116 ,0.5802 ,0.1415 ,-1.0087 ,-0.4148 ,-1.4037 ,1.5212 ,-0.5413 ,-0.6841 ,0.2072 ,0.1540 ,0.9881 ,-0.3447 ,0.0642 ,0,1,0.0544 ,0
-0.9980 ,0.9858 ,1.9544 ,-0.1814 ,1.4116 ,0.5802 ,0.1415 ,-1.0087 ,-0.4148 ,-1.4037 ,1.5212 ,-0.5413 ,-0.6841 ,-1.8789 ,0.1540 ,0.9881 ,-0.3447 ,0.0642 ,0,1,0.0544 ,0
-0.9980 ,0.9858 ,1.9544 ,-0.1814 ,1.4116 ,0.5802 ,0.1415 ,-1.0087 ,-0.4148 ,-1.4037 ,1.5212 ,-0.5413 ,-1.0527 ,0.2072 ,0.1540 ,0.9881 ,-0.3447 ,0.0642 ,0,1,0.0544 ,0
0.5036 ,-0.0850 ,-0.8057 ,-0.3722 ,-0.4221 ,-0.8610 ,0.4008 ,-0.2597 ,-1.1500 ,-0.1120 ,-0.3519 ,-0.7144 ,-0.3735 ,-1.1666 ,-0.9102 ,0.4960 ,0.4142 ,0.3357 ,0,1,0.0544 ,0
0.5036 ,-0.0850 ,-0.8057 ,-0.3722 ,-0.4221 ,-0.8610 ,0.4008 ,-0.2597 ,-1.1500 ,-0.1120 ,-0.3519 ,-0.7144 ,1.2957 ,-1.1666 ,-0.9102 ,0.4960 ,0.4142 ,0.3357 ,0,1,0.0544 ,0
-1.6371 ,-0.6149 ,-0.4496 ,1.0602 ,-0.4706 ,1.1056 ,-1.1825 ,-2.0923 ,-0.1215 ,-1.5464 ,-0.5860 ,-0.1729 ,2.3014 ,1.0382 ,1.1418 ,0.6272 ,-0.6483 ,-0.0559 ,0,1,0.0544 ,1
-1.6371 ,-0.6149 ,-0.4496 ,1.0602 ,-0.4706 ,1.1056 ,-1.1825 ,-2.0923 ,-0.1215 ,-1.5464 ,-0.5860 ,-0.1729 ,2.3014 ,1.0382 ,1.1418 ,0.4631 ,-0.6483 ,-0.0559 ,0,1,0.0544 ,1
-1.6371 ,-0.6149 ,-0.4496 ,1.0602 ,-0.4706 ,1.1056 ,-1.1825 ,-2.0923 ,-0.1215 ,-1.5464 ,-0.5860 ,-0.1729 ,2.3014 ,1.0382 ,1.1418 ,0.5452 ,-0.6483 ,-0.0559 ,0,1,0.0544 ,1
-1.6371 ,-0.7584 ,-0.4496 ,1.0602 ,-0.4706 ,1.1056 ,-1.1825 ,-2.0923 ,-0.1215 ,-1.5464 ,-0.5860 ,-0.1729 ,0.3690 ,0.5860 ,1.1418 ,-0.6523 ,6.4853 ,-0.0559 ,0,1,0.0544 ,1
-1.0238 ,-0.4714 ,-0.7167 ,2.0910 ,-0.5795 ,1.0120 ,-1.2169 ,-0.8893 ,-0.6641 ,-0.9676 ,-0.2348 ,-0.4139 ,0.3690 ,0.0206 ,1.1291 ,0.5780 ,-0.9518 ,0.8368 ,0,1,0.0544 ,0
-1.0238 ,-0.4714 ,-0.7167 ,2.0910 ,-0.5795 ,1.0120 ,-1.2169 ,-0.8893 ,-0.6641 ,-0.9676 ,-0.2348 ,-0.4139 ,0.3690 ,0.0206 ,1.1291 ,0.5780 ,0.4142 ,0.8368 ,0,1,0.0544 ,0
-1.0238 ,-0.4714 ,-0.7167 ,2.0910 ,-0.5795 ,1.0120 ,-1.2169 ,-0.8893 ,-0.6641 ,-0.9676 ,-0.2348 ,-0.4139 ,0.3690 ,0.0206 ,1.1291 ,0.5780 ,1.9320 ,0.8368 ,0,1,0.0544 ,0
-1.0238 ,-0.4714 ,-0.7167 ,2.0910 ,-0.5795 ,1.0120 ,-1.2169 ,-0.8893 ,-0.6641 ,-0.9676 ,-0.2348 ,-0.4139 ,1.4220 ,0.0206 ,1.1291 ,0.5780 ,0.4142 ,0.8368 ,0,1,0.0544 ,0
-1.0238 ,-0.4714 ,-0.7167 ,2.0910 ,-0.5795 ,1.0120 ,-1.2169 ,-0.8893 ,-0.6641 ,-0.9676 ,-0.2348 ,-0.4139 ,2.4751 ,0.0206 ,1.1291 ,0.5780 ,0.4142 ,0.8368 ,0,1,0.0544 ,0
-1.0238 ,-0.4714 ,-0.7167 ,2.0910 ,-0.5795 ,1.0120 ,-1.2169 ,-0.8893 ,-0.6641 ,-0.9676 ,-0.2348 ,-0.4139 ,0.3690 ,0.0206 ,1.1291 ,0.5780 ,0.4142 ,0.8368 ,0,1,0.0544 ,0
-1.0238 ,-0.4714 ,-0.7167 ,2.0910 ,-0.5795 ,1.0120 ,-1.2169 ,-0.8893 ,-0.6641 ,-0.9676 ,-0.2348 ,-0.4139 ,0.3690 ,0.0206 ,1.1291 ,0.5780 ,0.4142 ,0.8368 ,0,1,0.0544 ,0
-1.0238 ,-0.4714 ,-0.7167 ,2.0910 ,-0.5795 ,1.0120 ,-1.2169 ,-0.8893 ,-0.6641 ,-0.9676 ,-0.2348 ,-0.4139 ,0.3690 ,-1.6754 ,1.1291 ,0.5780 ,0.4142 ,0.8368 ,0,1,0.0544 ,0
-1.0238 ,-0.4714 ,-0.7167 ,2.0910 ,-0.5795 ,1.0120 ,-1.2169 ,-0.8893 ,-0.6641 ,-0.9676 ,-0.2348 ,-0.4139 ,0.3690 ,0.5860 ,1.1291 ,0.5780 ,0.4142 ,0.8368 ,0,1,0.0544 ,0
0.8583 ,-0.6701 ,-0.0044 ,-0.8535 ,0.3913 ,0.0120 ,-0.0526 ,1.0757 ,0.0175 ,-0.2815 ,-0.5860 ,-0.1859 ,-0.6841 ,0.5860 ,-0.4269 ,-0.6523 ,-0.3447 ,-0.0767 ,0,1,0.0544 ,0
0.8583 ,-0.6701 ,-0.0044 ,-0.8535 ,0.3913 ,0.0120 ,-0.0526 ,1.0757 ,0.0175 ,-0.2815 ,-0.5860 ,-0.1859 ,-0.1576 ,0.5860 ,-0.4269 ,-0.6523 ,-0.3447 ,-0.0767 ,0,1,0.0544 ,0
0.8583 ,-0.6701 ,-0.0044 ,-0.8535 ,0.3913 ,0.0120 ,-0.0526 ,1.0757 ,0.0175 ,-0.2815 ,-0.5860 ,-0.1859 ,0.8955 ,0.5860 ,-0.4269 ,-0.6523 ,-0.3447 ,-0.0767 ,0,1,0.0544 ,0
-0.2864 ,0.5884 ,-0.4496 ,-0.2612 ,1.5498 ,-0.8620 ,1.3589 ,0.5429 ,1.0951 ,-1.1268 ,3.8625 ,-0.7537 ,0.9124 ,-1.1101 ,-0.3463 ,-0.8574 ,-0.9518 ,0.3565 ,0,0,0.0544 ,0
0.1188 ,0.5884 ,1.0640 ,-0.2264 ,1.1328 ,0.4303 ,-0.3327 ,-1.1501 ,-0.1123 ,-1.2631 ,3.8625 ,-0.7568 ,0.9124 ,-1.1101 ,0.8747 ,-0.8574 ,-0.9518 ,-0.1864 ,1,0,0.0544 ,0
-0.2864 ,0.5884 ,-0.4496 ,-0.2612 ,1.5498 ,-0.8620 ,1.3589 ,0.5429 ,1.0951 ,-1.1268 ,3.8625 ,-0.7537 ,0.9124 ,-1.1101 ,-0.3463 ,-0.8574 ,-0.9518 ,0.3565 ,1,0,0.0544 ,0
0.1188 ,0.5884 ,1.0640 ,-0.2264 ,1.1328 ,0.4303 ,-0.3327 ,-1.1501 ,-0.1123 ,-1.2631 ,3.8625 ,-0.7568 ,0.9124 ,-1.1101 ,0.8747 ,-0.8574 ,-0.9518 ,-0.1864 ,0,1,0.0544 ,0
-0.2098 ,0.5884 ,-1.0728 ,0.0882 ,-2.1042 ,-1.3376 ,0.1227 ,-1.7301 ,0.6114 ,0.6258 ,3.8625 ,-0.2324 ,0.9124 ,-1.1101 ,-0.1555 ,-0.8574 ,-0.9518 ,1.1187 ,0,1,0.0544 ,0
-0.2864 ,0.5884 ,-0.4496 ,-0.2612 ,1.5498 ,-0.8620 ,1.3589 ,0.5429 ,1.0951 ,-1.1268 ,3.8625 ,-0.7537 ,0.9124 ,-1.1101 ,-0.3463 ,-0.8574 ,-0.9518 ,0.3565 ,0,1,0.0544 ,0
0.5036 ,0.0475 ,-0.8057 ,-0.3722 ,-0.4221 ,-0.8610 ,0.4008 ,-0.2597 ,-1.1500 ,-0.1120 ,0.1164 ,-0.7144 ,-0.9474 ,-0.9405 ,-0.9102 ,-0.6523 ,-0.6483 ,0.3357 ,0,1,0.0544 ,0
0.5036 ,0.0475 ,-0.8057 ,-0.3722 ,-0.4221 ,-0.8610 ,0.4008 ,-0.2597 ,-1.1500 ,-0.1120 ,0.1164 ,-0.7144 ,-0.4208 ,-0.9405 ,-0.9102 ,-0.6523 ,-0.6483 ,0.3357 ,0,1,0.0544 ,0
0.5036 ,0.0475 ,-0.8057 ,-0.3722 ,-0.4221 ,-0.8610 ,0.4008 ,-0.2597 ,-1.1500 ,-0.1120 ,0.1164 ,-0.7144 ,-0.1576 ,-1.0535 ,-0.9102 ,-0.6523 ,-0.6483 ,0.3357 ,0,1,0.0544 ,0
0.5036 ,0.0475 ,-0.8057 ,-0.3722 ,-0.4221 ,-0.8610 ,0.4008 ,-0.2597 ,-1.1500 ,-0.1120 ,0.1164 ,-0.7144 ,-0.4208 ,-0.9405 ,-0.9102 ,-0.8574 ,-0.6483 ,0.3357 ,0,1,0.0544 ,0
0.5036 ,0.0475 ,-0.8057 ,-0.3722 ,-0.4221 ,-0.8610 ,0.4008 ,-0.2597 ,-1.1500 ,-0.1120 ,0.1164 ,-0.7144 ,-0.4208 ,-0.8274 ,-0.9102 ,-0.4473 ,-0.6483 ,0.3357 ,0,1,0.0544 ,0
0.5036 ,0.0475 ,-0.8057 ,-0.3722 ,-0.4221 ,-0.8610 ,0.4008 ,-0.2597 ,-1.1500 ,-0.1120 ,0.1164 ,-0.7144 ,-0.4208 ,-0.7143 ,-0.9102 ,-0.0372 ,-0.6483 ,0.3357 ,0,1,0.0544 ,0
0.5036 ,0.0475 ,-0.8057 ,-0.3722 ,-0.4221 ,-0.8610 ,0.4008 ,-0.2597 ,-1.1500 ,-0.1120 ,0.1164 ,-0.7144 ,-0.4208 ,-0.7143 ,-0.9102 ,-0.6523 ,-0.6483 ,0.3357 ,0,1,0.0544 ,0
0.5036 ,0.0475 ,-0.8057 ,-0.3722 ,-0.4221 ,-0.8610 ,0.4008 ,-0.2597 ,-1.1500 ,-0.1120 ,0.1164 ,-0.7144 ,-0.4208 ,-0.6578 ,-0.9102 ,-0.6523 ,-0.6483 ,0.3357 ,0,1,0.0544 ,0
0.5036 ,0.0475 ,-0.8057 ,-0.3722 ,-0.4221 ,-0.8610 ,0.4008 ,-0.2597 ,-1.1500 ,-0.1120 ,0.1164 ,-0.7144 ,-0.4208 ,-0.5447 ,-0.9102 ,-0.6523 ,-0.6483 ,0.3357 ,0,1,0.0544 ,0
0.5036 ,0.0475 ,-0.8057 ,-0.3722 ,-0.4221 ,-0.8610 ,0.4008 ,-0.2597 ,-1.1500 ,-0.1120 ,0.1164 ,-0.7144 ,-0.4208 ,-0.5447 ,-0.9102 ,-0.6523 ,-0.6483 ,0.3357 ,0,1,0.0544 ,0
0.8583 ,-0.4493 ,-0.0044 ,-0.8535 ,0.3913 ,0.0120 ,-0.0526 ,1.0757 ,0.0175 ,-0.2815 ,-0.7031 ,-0.1859 ,-0.4208 ,-0.5447 ,-0.4269 ,0.1679 ,1.6284 ,-0.0767 ,0,1,0.0544 ,0
0.8583 ,-0.4493 ,-0.0044 ,-0.8535 ,0.3913 ,0.0120 ,-0.0526 ,1.0757 ,0.0175 ,-0.2815 ,-0.7031 ,-0.1859 ,-0.4208 ,-0.5447 ,-0.4269 ,0.1679 ,1.6284 ,-0.0767 ,0,1,0.0544 ,0
0.8583 ,-0.4493 ,-0.0044 ,-0.8535 ,0.3913 ,0.0120 ,-0.0526 ,1.0757 ,0.0175 ,-0.2815 ,-0.7031 ,-0.1859 ,-0.4208 ,-0.5447 ,-0.4269 ,0.1679 ,1.6284 ,-0.0767 ,0,1,0.0544 ,0
0.8583 ,-0.4493 ,-0.0044 ,-0.8535 ,0.3913 ,0.0120 ,-0.0526 ,1.0757 ,0.0175 ,-0.2815 ,-0.7031 ,-0.1859 ,-0.4208 ,-0.5447 ,-0.4269 ,0.1679 ,1.6284 ,-0.0767 ,0,1,0.2242 ,0
0.8583 ,-0.4493 ,-0.0044 ,-0.8535 ,0.3913 ,0.0120 ,-0.0526 ,1.0757 ,0.0175 ,-0.2815 ,-0.7031 ,-0.1859 ,-0.4208 ,-0.5447 ,-0.4269 ,0.1679 ,1.6284 ,-0.0767 ,0,1,0.3939 ,0
0.8583 ,-0.4493 ,-0.0044 ,-0.8535 ,0.3913 ,0.0120 ,-0.0526 ,1.0757 ,0.0175 ,-0.2815 ,-0.7031 ,-0.1859 ,-0.6841 ,-0.5447 ,-0.4269 ,0.1679 ,1.6284 ,-0.0767 ,0,1,0.7335 ,0
0.8583 ,-0.4493 ,-0.0044 ,-0.8535 ,0.3913 ,0.0120 ,-0.0526 ,1.0757 ,0.0175 ,-0.2815 ,-0.7031 ,-0.1859 ,-0.1576 ,-0.5447 ,-0.4269 ,0.1679 ,1.6284 ,-0.0767 ,0,1,0.9033 ,0
0.8583 ,-0.4493 ,-0.0044 ,-0.8535 ,0.3913 ,0.0120 ,-0.0526 ,1.0757 ,0.0175 ,-0.2815 ,-0.7031 ,-0.1859 ,-0.1576 ,-0.5447 ,-0.4269 ,0.1679 ,-0.0412 ,-0.0767 ,0,1,1.2428 ,0
0.8583 ,-0.4493 ,-0.0044 ,-0.8535 ,0.3913 ,0.0120 ,-0.0526 ,1.0757 ,0.0175 ,-0.2815 ,-0.7031 ,-0.1859 ,-0.1576 ,-0.5447 ,-0.4269 ,0.1679 ,1.6284 ,-0.0767 ,0,1,1.4126 ,0
0.8583 ,-0.4493 ,-0.0044 ,-0.8535 ,0.3913 ,0.0120 ,-0.0526 ,1.0757 ,0.0175 ,-0.2815 ,-0.7031 ,-0.1859 ,-0.1576 ,-0.5447 ,-0.4269 ,0.1679 ,2.0837 ,-0.0767 ,0,1,1.5824 ,0
0.8583 ,-0.4493 ,-0.0044 ,-0.8535 ,0.3913 ,0.0120 ,-0.0526 ,1.0757 ,0.0175 ,-0.2815 ,-0.7031 ,-0.1859 ,-0.1576 ,-0.5447 ,-0.4269 ,0.1679 ,3.1462 ,-0.0767 ,0,1,1.7521 ,0
0.8583 ,-0.4493 ,-0.0044 ,-0.8535 ,0.3913 ,0.0120 ,-0.0526 ,1.0757 ,0.0175 ,-0.2815 ,-0.7031 ,-0.1859 ,-0.1576 ,-1.6754 ,-0.4269 ,0.1679 ,1.6284 ,-0.0767 ,0,1,1.7521 ,0
0.8583 ,-0.4493 ,-0.0044 ,-0.8535 ,0.3913 ,0.0120 ,-0.0526 ,1.0757 ,0.0175 ,-0.2815 ,-0.7031 ,-0.1859 ,-0.1576 ,0.5860 ,-0.4269 ,0.1679 ,1.6284 ,-0.0767 ,0,1,1.7521 ,0
0.8583 ,-0.4493 ,-0.0044 ,-0.8535 ,0.3913 ,0.0120 ,-0.0526 ,1.0757 ,0.0175 ,-0.2815 ,-0.2348 ,-0.1859 ,-0.6841 ,-0.3186 ,-0.4269 ,-0.2422 ,1.6284 ,-0.0767 ,0,1,1.7521 ,0
0.8583 ,-0.4493 ,-0.0044 ,-0.8535 ,0.3913 ,0.0120 ,-0.0526 ,1.0757 ,0.0175 ,-0.2815 ,-0.2348 ,-0.1859 ,-0.1576 ,-0.3186 ,-0.4269 ,-0.2422 ,-0.3447 ,-0.0767 ,0,1,1.7521 ,0
0.8583 ,-0.4493 ,-0.0044 ,-0.8535 ,0.3913 ,0.0120 ,-0.0526 ,1.0757 ,0.0175 ,-0.2815 ,-0.2348 ,-0.1859 ,0.3690 ,-0.3186 ,-0.4269 ,-0.2422 ,-0.3447 ,-0.0767 ,0,1,1.7521 ,0
0.8583 ,-0.4493 ,-0.0044 ,-0.8535 ,0.3913 ,0.0120 ,-0.0526 ,1.0757 ,0.0175 ,-0.2815 ,-0.2348 ,-0.1859 ,0.8955 ,-0.3186 ,-0.4269 ,-0.2422 ,-0.3447 ,-0.0767 ,0,1,1.7521 ,0
0.8583 ,-0.4493 ,-0.0044 ,-0.8535 ,0.3913 ,0.0120 ,-0.0526 ,1.0757 ,0.0175 ,-0.2815 ,-0.2348 ,-0.1859 ,0.3690 ,-0.3186 ,-0.4269 ,-0.2422 ,-0.3447 ,-0.0767 ,0,1,1.7521 ,0
0.8583 ,-0.4493 ,-0.0044 ,-0.8535 ,0.3913 ,0.0120 ,-0.0526 ,1.0757 ,0.0175 ,-0.2815 ,-0.2348 ,-0.1859 ,0.3690 ,-0.3186 ,-0.4269 ,-0.2422 ,-0.3447 ,-0.0767 ,0,1,1.7521 ,0
0.8583 ,-0.4493 ,-0.0044 ,-0.8535 ,0.3913 ,0.0120 ,-0.0526 ,1.0757 ,0.0175 ,-0.2815 ,-0.2348 ,-0.1859 ,0.3690 ,-1.6754 ,-0.4269 ,-0.2422 ,-0.3447 ,-0.0767 ,0,1,1.7521 ,0
0.8583 ,-0.4493 ,-0.0044 ,-0.8535 ,0.3913 ,0.0120 ,-0.0526 ,1.0757 ,0.0175 ,-0.2815 ,-0.2348 ,-0.1859 ,0.3690 ,-0.5447 ,-0.4269 ,-0.2422 ,-0.3447 ,-0.0767 ,0,1,1.7521 ,0
0.8583 ,-0.4493 ,-0.0044 ,-0.8535 ,0.3913 ,0.0120 ,-0.0526 ,1.0757 ,0.0175 ,-0.2815 ,-0.2348 ,-0.1859 ,0.3690 ,1.7167 ,-0.4269 ,-0.2422 ,-0.3447 ,-0.0767 ,0,1,1.7521 ,0
0.8583 ,-0.4493 ,-0.0044 ,-0.8535 ,0.3913 ,0.0120 ,-0.0526 ,1.0757 ,0.0175 ,-0.2815 ,-0.2348 ,-0.1859 ,0.3690 ,2.8473 ,-0.4269 ,-0.2422 ,-0.3447 ,-0.0767 ,0,1,1.7521 ,0
-1.4758 ,-0.4714 ,-1.6070 ,1.1290 ,0.8300 ,1.0265 ,-0.7819 ,-1.2598 ,-0.1457 ,-1.6912 ,-0.2348 ,1.6454 ,1.4220 ,0.1111 ,1.2478 ,0.5780 ,0.4142 ,-1.8987 ,0,1,0.0544 ,0
-1.4758 ,-0.4714 ,-1.6070 ,1.1290 ,0.8300 ,1.0265 ,-0.7819 ,-1.2598 ,-0.1457 ,-1.6912 ,-0.2348 ,1.6454 ,1.4220 ,0.0489 ,1.2478 ,0.5780 ,0.4142 ,-1.8987 ,0,1,0.0544 ,0
0.5036 ,5.4018 ,-0.8057 ,-0.3722 ,-0.4221 ,-0.8610 ,0.4008 ,-0.2597 ,-1.1500 ,-0.1120 ,-0.2348 ,-0.7144 ,0.1057 ,-0.5447 ,-0.9102 ,-0.0782 ,0.4142 ,0.3357 ,0,1,0.9372 ,0
0.5036 ,5.4018 ,-0.8057 ,-0.3722 ,-0.4221 ,-0.8610 ,0.4008 ,-0.2597 ,-1.1500 ,-0.1120 ,-0.2348 ,-0.7144 ,2.7384 ,-0.5447 ,-0.9102 ,-0.0782 ,0.4142 ,0.3357 ,0,1,0.4619 ,0
0.5036 ,5.4018 ,-0.8057 ,-0.3722 ,-0.4221 ,-0.8610 ,0.4008 ,-0.2597 ,-1.1500 ,-0.1120 ,-0.2348 ,-0.7144 ,4.0547 ,-0.5447 ,-0.9102 ,0.2089 ,0.4142 ,0.3357 ,0,1,0.2242 ,0
0.5036 ,5.4018 ,-0.8057 ,-0.3722 ,-0.4221 ,-0.8610 ,0.4008 ,-0.2597 ,-1.1500 ,-0.1120 ,-0.2348 ,-0.7144 ,1.4220 ,-0.5447 ,-0.9102 ,0.4960 ,0.4142 ,0.3357 ,0,1,-0.0135 ,0
0.5036 ,5.4018 ,-0.8057 ,-0.3722 ,-0.4221 ,-0.8610 ,0.4008 ,-0.2597 ,-1.1500 ,-0.1120 ,-0.2348 ,-0.7144 ,1.4220 ,-0.5447 ,-0.9102 ,0.7830 ,0.4142 ,0.3357 ,0,1,-0.2512 ,0
0.5036 ,5.4018 ,-0.8057 ,-0.3722 ,-0.4221 ,-0.8610 ,0.4008 ,-0.2597 ,-1.1500 ,-0.1120 ,-0.2653 ,-0.7144 ,1.4220 ,-0.5447 ,-0.9102 ,1.0701 ,0.4142 ,0.3357 ,0,1,-0.2512 ,0
0.5036 ,-0.2506 ,-0.8057 ,-0.3722 ,-0.4221 ,-0.8610 ,0.4008 ,-0.2597 ,-1.1500 ,-0.1120 ,-0.2348 ,-0.7144 ,-0.7721 ,-0.9405 ,-0.9102 ,1.3572 ,-0.3447 ,0.3357 ,0,1,-0.6247 ,1
0.5036 ,-0.2506 ,-0.8057 ,-0.3722 ,-0.4221 ,-0.8610 ,0.4008 ,-0.2597 ,-1.1500 ,-0.1120 ,-0.2348 ,-0.7144 ,-0.7721 ,-1.6754 ,-0.9102 ,2.2183 ,-0.3447 ,0.3357 ,0,1,-0.6247 ,1
0.5036 ,-0.2506 ,-0.8057 ,-0.3722 ,-0.4221 ,-0.8610 ,0.4008 ,-0.2597 ,-1.1500 ,-0.1120 ,-0.2348 ,-0.7144 ,-0.7721 ,-1.6754 ,-0.9102 ,2.4234 ,-0.3447 ,0.3357 ,0,1,-0.6247 ,1
0.5036 ,-0.2506 ,-0.8057 ,-0.3722 ,-0.4221 ,-0.8610 ,0.4008 ,-0.2597 ,-1.1500 ,-0.1120 ,-0.2348 ,-0.7144 ,-0.7721 ,-0.9405 ,-0.9102 ,2.6284 ,-0.3447 ,0.3357 ,0,1,-0.6247 ,0
0.5036 ,-0.2506 ,-0.8057 ,-0.3722 ,-0.4221 ,-0.8610 ,0.4008 ,-0.2597 ,-1.1500 ,-0.1120 ,-0.2348 ,-0.7144 ,-0.7721 ,-0.9405 ,-0.9102 ,2.6284 ,-0.3447 ,0.3357 ,0,1,-0.6247 ,1
2.2493 ,-0.5156 ,0.7969 ,-1.0742 ,0.5453 ,-0.6383 ,2.1587 ,1.1611 ,1.6206 ,1.6107 ,-0.5392 ,0.8766 ,-0.7736 ,0.5860 ,-0.3124 ,2.6284 ,0.4142 ,0.7481 ,0,1,-0.2512 ,0
2.2493 ,-0.5156 ,0.7969 ,-1.0742 ,0.5453 ,-0.6383 ,2.1587 ,1.1611 ,1.6206 ,1.6107 ,-0.5392 ,0.8766 ,-0.7736 ,0.5860 ,-0.3124 ,2.6284 ,0.4142 ,0.7481 ,0,1,-0.2512 ,1
2.2493 ,-0.5156 ,0.7969 ,-1.0742 ,0.5453 ,-0.6383 ,2.1587 ,1.1611 ,1.6206 ,1.6107 ,-0.5392 ,0.8766 ,-0.7736 ,0.5860 ,-0.3124 ,2.6284 ,0.4142 ,0.7481 ,0,1,-0.2512 ,1
2.2493 ,-0.5156 ,0.7969 ,-1.0742 ,0.5453 ,-0.6383 ,2.1587 ,1.1611 ,1.6206 ,1.6107 ,-0.5392 ,0.8766 ,-0.7736 ,0.5860 ,-0.3124 ,2.6284 ,0.4142 ,0.7481 ,0,1,-0.2512 ,1
2.2493 ,-0.5156 ,0.7969 ,-1.0742 ,0.5453 ,-0.6383 ,2.1587 ,1.1611 ,1.6206 ,1.6107 ,-0.5392 ,0.8766 ,-0.7736 ,0.5860 ,-0.3124 ,2.6284 ,0.4142 ,0.7481 ,0,1,-0.2512 ,0
2.2493 ,-0.5156 ,0.7969 ,-1.0742 ,0.5453 ,-0.6383 ,2.1587 ,1.1611 ,1.6206 ,1.6107 ,-0.5392 ,0.8766 ,-0.7736 ,0.5860 ,-0.3124 ,2.6284 ,0.4142 ,0.7481 ,1,0,-0.2512 ,0
2.2493 ,-0.5156 ,0.7969 ,-1.0742 ,0.5453 ,-0.6383 ,2.1587 ,1.1611 ,1.6206 ,1.6107 ,-0.5392 ,0.8766 ,-0.7736 ,0.5860 ,-0.3124 ,2.6284 ,0.4142 ,0.7481 ,1,0,-0.2512 ,1
2.2493 ,-0.5156 ,0.7969 ,-1.0742 ,0.5453 ,-0.6383 ,2.1587 ,1.1611 ,1.6206 ,1.6107 ,-0.5392 ,0.8766 ,-0.7736 ,0.5860 ,-0.3124 ,2.6284 ,0.4142 ,0.7481 ,1,0,0.0884 ,1
2.2493 ,-0.5156 ,0.7969 ,-1.0742 ,0.5453 ,-0.6383 ,2.1587 ,1.1611 ,1.6206 ,1.6107 ,-0.5392 ,0.8766 ,-0.7736 ,0.5860 ,-0.3124 ,2.6284 ,0.4142 ,0.7481 ,1,0,0.0884 ,0
2.2493 ,-0.5156 ,0.7969 ,-1.0742 ,0.5453 ,-0.6383 ,2.1587 ,1.1611 ,1.6206 ,1.6107 ,-0.5392 ,0.8766 ,-0.7736 ,1.9993 ,-0.3124 ,2.6284 ,0.4142 ,0.7481 ,0,1,0.0884 ,1
2.2493 ,-0.5156 ,0.7969 ,-1.0742 ,0.5453 ,-0.6383 ,2.1587 ,1.1611 ,1.6206 ,1.6107 ,-0.5392 ,0.8766 ,-0.7736 ,1.9993 ,-0.3124 ,2.6284 ,0.4142 ,0.7481 ,1,0,0.0884 ,1
2.2493 ,-0.5156 ,0.7969 ,-1.0742 ,0.5453 ,-0.6383 ,2.1587 ,1.1611 ,1.6206 ,1.6107 ,-0.5392 ,0.8766 ,-0.7736 ,0.5860 ,-0.3124 ,2.6284 ,-0.3447 ,0.7481 ,0,1,0.0884 ,1
2.2493 ,-0.5156 ,0.7969 ,-1.0742 ,0.5453 ,-0.6383 ,2.1587 ,1.1611 ,1.6206 ,1.6107 ,-0.5392 ,0.8766 ,-0.7736 ,0.5860 ,-0.3124 ,2.6284 ,6.4853 ,0.7481 ,0,1,0.0884 ,1
2.2493 ,-0.5156 ,0.7969 ,-1.0742 ,0.5453 ,-0.6383 ,2.1587 ,1.1611 ,1.6206 ,1.6107 ,-0.5392 ,0.8766 ,-0.7736 ,0.5860 ,-0.3124 ,2.6284 ,-0.3447 ,0.7481 ,1,0,0.0884 ,1
2.2493 ,-0.5156 ,0.7969 ,-1.0742 ,0.5453 ,-0.6383 ,2.1587 ,1.1611 ,1.6206 ,1.6107 ,-0.5392 ,0.8766 ,-0.9948 ,0.5860 ,-0.3124 ,2.6284 ,0.4142 ,0.7481 ,0,1,0.0884 ,1
2.2493 ,-0.5156 ,0.7969 ,-1.0742 ,0.5453 ,-0.6383 ,2.1587 ,1.1611 ,1.6206 ,1.6107 ,-0.5392 ,0.8766 ,-0.8816 ,0.5860 ,-0.3124 ,2.6284 ,0.4142 ,0.7481 ,0,1,0.0884 ,1
2.2493 ,-0.5156 ,0.7969 ,-1.0742 ,0.5453 ,-0.6383 ,2.1587 ,1.1611 ,1.6206 ,1.6107 ,-0.5392 ,0.8766 ,-0.7736 ,0.5860 ,-0.3124 ,2.6284 ,0.4142 ,0.7481 ,0,1,-0.0135 ,1
2.2493 ,-0.5156 ,0.7969 ,-1.0742 ,0.5453 ,-0.6383 ,2.1587 ,1.1611 ,1.6206 ,1.6107 ,-0.5392 ,0.8766 ,-0.7736 ,0.5860 ,-0.3124 ,2.6284 ,0.4142 ,0.7481 ,0,1,-0.2172 ,1
0.7287 ,0.6546 ,0.0846 ,-0.8409 ,-0.3342 ,-3.1859 ,-0.7819 ,-1.7040 ,-0.9142 ,-0.1263 ,1.5212 ,0.0775 ,-0.4208 ,0.3033 ,0.6500 ,-0.9804 ,0.4142 ,-0.2490 ,0,1,-0.3191 ,0
0.7287 ,0.6546 ,0.0846 ,-0.8409 ,-0.3342 ,-3.1859 ,-0.7819 ,-1.7040 ,-0.9142 ,-0.1263 ,1.5212 ,0.0775 ,0.3690 ,0.3033 ,0.6500 ,-0.9804 ,0.4142 ,-0.2490 ,0,1,-0.4210 ,0
0.7287 ,0.6546 ,0.0846 ,-0.8409 ,-0.3342 ,-3.1859 ,-0.7819 ,-1.7040 ,-0.9142 ,-0.1263 ,1.5212 ,0.0775 ,1.1588 ,0.3033 ,0.6500 ,-0.9804 ,0.4142 ,-0.2490 ,0,1,-0.5228 ,0
0.8583 ,0.6546 ,-0.0044 ,-0.8535 ,0.3913 ,0.0120 ,-0.0526 ,1.0757 ,0.0175 ,-0.2815 ,1.5212 ,-0.1859 ,1.1588 ,0.3033 ,-0.4269 ,-0.9804 ,0.4142 ,-0.0767 ,0,1,-0.6247 ,0
1.7561 ,0.6546 ,1.3311 ,0.3158 ,-2.1042 ,-2.9489 ,-2.9227 ,-1.9512 ,-5.8038 ,3.4187 ,1.5212 ,-2.1595 ,-0.4208 ,0.3033 ,0.3575 ,-0.9804 ,0.4142 ,-0.2281 ,0,1,-0.6247 ,0
1.7561 ,0.6546 ,1.3311 ,0.3158 ,-2.1042 ,-2.9489 ,-2.9227 ,-1.9512 ,-5.8038 ,3.4187 ,1.5212 ,-2.1595 ,0.3690 ,0.3033 ,0.3575 ,-0.9804 ,0.4142 ,-0.2281 ,0,1,-0.6247 ,0
1.7561 ,0.6546 ,1.3311 ,0.3158 ,-2.1042 ,-2.9489 ,-2.9227 ,-1.9512 ,-5.8038 ,3.4187 ,1.5212 ,-2.1595 ,1.1588 ,0.3033 ,0.3575 ,-0.9804 ,0.4142 ,-0.2281 ,0,1,-0.6247 ,0
-0.5212 ,0.7430 ,-0.8947 ,2.4076 ,-2.1042 ,0.7524 ,-0.8164 ,1.3317 ,-0.1482 ,0.1525 ,1.5212 ,1.1479 ,-0.8289 ,1.0609 ,1.1248 ,-0.9189 ,-0.8000 ,1.0300 ,0,0,1.7521 ,1
0.1188 ,0.7430 ,1.0640 ,-0.2264 ,1.1328 ,0.4303 ,-0.3327 ,-1.1501 ,-0.1123 ,-1.2631 ,1.5212 ,-0.7568 ,-1.1343 ,1.0609 ,0.8747 ,-0.9066 ,-0.8000 ,-0.1864 ,0,0,1.7521 ,1
0.1188 ,0.5884 ,1.0640 ,-0.2264 ,1.1328 ,0.4303 ,-0.3327 ,-1.1501 ,-0.1123 ,-1.2631 ,3.8625 ,-0.7568 ,0.9124 ,-1.1101 ,0.8747 ,-0.8574 ,-0.9518 ,-0.1864 ,0,1,-0.6247 ,0
-0.2098 ,0.5884 ,-1.0728 ,0.0882 ,-2.1042 ,-1.3376 ,0.1227 ,-1.7301 ,0.6114 ,0.6258 ,3.8625 ,-0.2324 ,0.9124 ,-1.1101 ,-0.1555 ,-0.8574 ,-0.9518 ,1.1187 ,0,1,-0.6247 ,0
-0.2864 ,0.5884 ,-0.4496 ,-0.2612 ,1.5498 ,-0.8620 ,1.3589 ,0.5429 ,1.0951 ,-1.1268 ,3.8625 ,-0.7537 ,0.9124 ,-1.1101 ,-0.3463 ,-0.8574 ,-0.9518 ,0.3565 ,0,1,-0.6247 ,0
0.1188 ,0.5884 ,1.0640 ,-0.2264 ,1.1328 ,0.4303 ,-0.3327 ,-1.1501 ,-0.1123 ,-1.2631 ,3.8625 ,-0.7568 ,0.9124 ,-1.1101 ,0.8747 ,-0.8574 ,-0.9518 ,-0.1864 ,1,0,-0.6247 ,0
-0.2098 ,0.5884 ,-1.0728 ,0.0882 ,-2.1042 ,-1.3376 ,0.1227 ,-1.7301 ,0.6114 ,0.6258 ,3.8625 ,-0.2324 ,0.9124 ,-1.1101 ,-0.1555 ,-0.8574 ,-0.9518 ,1.1187 ,1,0,-0.6247 ,0
0.1188 ,0.5884 ,1.0640 ,-0.2264 ,1.1328 ,0.4303 ,-0.3327 ,-1.1501 ,-0.1123 ,-1.2631 ,3.8625 ,-0.7568 ,0.9124 ,-1.1101 ,0.8747 ,-0.8574 ,-0.9518 ,-0.1864 ,0,0,-0.6247 ,0
-0.2098 ,0.5884 ,-1.0728 ,0.0882 ,-2.1042 ,-1.3376 ,0.1227 ,-1.7301 ,0.6114 ,0.6258 ,3.8625 ,-0.2324 ,0.9124 ,-1.1101 ,-0.1555 ,-0.8574 ,-0.9518 ,1.1187 ,0,0,-0.9642 ,0
-0.2864 ,0.5884 ,-0.4496 ,-0.2612 ,1.5498 ,-0.8620 ,1.3589 ,0.5429 ,1.0951 ,-1.1268 ,3.8625 ,-0.7537 ,0.9124 ,-1.1101 ,-0.3463 ,-0.8574 ,-0.9518 ,0.3565 ,0,0,-1.3038 ,0
-0.8384 ,-0.2285 ,-1.6070 ,2.2308 ,-2.1042 ,0.2352 ,-0.3813 ,-1.2250 ,0.9076 ,-0.2857 ,-0.3519 ,-0.3041 ,-0.1576 ,-1.6754 ,1.9770 ,-0.8369 ,-0.3447 ,-0.5883 ,0,1,-1.6433 ,1
-0.8384 ,-0.2285 ,-1.6070 ,2.2308 ,-2.1042 ,0.2352 ,-0.3813 ,-1.2250 ,0.9076 ,-0.2857 ,-0.3519 ,-0.3041 ,-1.1054 ,-1.6754 ,1.9770 ,-0.8369 ,-0.3447 ,-0.5883 ,0,1,-1.6433 ,1
-0.8384 ,-0.2285 ,-1.6070 ,2.2308 ,-2.1042 ,0.2352 ,-0.3813 ,-1.2250 ,0.9076 ,-0.2857 ,-0.3519 ,-0.3041 ,-0.7894 ,-1.6754 ,1.9770 ,-0.8163 ,-0.3447 ,-0.5883 ,0,1,-1.6433 ,1
-0.8384 ,-0.2285 ,-1.6070 ,2.2308 ,-2.1042 ,0.2352 ,-0.3813 ,-1.2250 ,0.9076 ,-0.2857 ,-0.3519 ,-0.3041 ,-0.5788 ,-1.6754 ,1.9770 ,-0.7958 ,-0.3447 ,-0.5883 ,0,1,-1.6433 ,1
-0.8384 ,-0.2285 ,-1.6070 ,2.2308 ,-2.1042 ,0.2352 ,-0.3813 ,-1.2250 ,0.9076 ,-0.2857 ,-0.3519 ,-0.3041 ,-0.1576 ,-1.6754 ,1.9770 ,-0.7753 ,-0.3447 ,-0.5883 ,0,1,-1.6433 ,1
-0.8384 ,-0.2285 ,-1.6070 ,2.2308 ,-2.1042 ,0.2352 ,-0.3813 ,-1.2250 ,0.9076 ,-0.2857 ,-0.3519 ,-0.3041 ,-1.1054 ,-1.6754 ,1.9770 ,-0.7548 ,0.4142 ,-0.5883 ,1,0,-1.6433 ,1
-0.8384 ,-0.2285 ,-1.6070 ,2.2308 ,-2.1042 ,0.2352 ,-0.3813 ,-1.2250 ,0.9076 ,-0.2857 ,-0.3519 ,-0.3041 ,-1.0000 ,-1.6754 ,1.9770 ,-0.7343 ,0.4142 ,-0.5883 ,1,0,-1.6433 ,1
-0.8384 ,-0.2285 ,-1.6070 ,2.2308 ,-2.1042 ,0.2352 ,-0.3813 ,-1.2250 ,0.9076 ,-0.2857 ,-0.3519 ,-0.3041 ,-0.7894 ,-1.6754 ,1.9770 ,-0.7138 ,0.4142 ,-0.5883 ,1,0,-1.6433 ,1
-0.8384 ,-0.2285 ,-1.6070 ,2.2308 ,-2.1042 ,0.2352 ,-0.3813 ,-1.2250 ,0.9076 ,-0.2857 ,-0.3519 ,-0.3041 ,-0.5788 ,-1.6754 ,1.9770 ,-0.6933 ,0.4142 ,-0.5883 ,1,0,-1.6433 ,1
-0.8384 ,-0.2285 ,-1.6070 ,2.2308 ,-2.1042 ,0.2352 ,-0.3813 ,-1.2250 ,0.9076 ,-0.2857 ,-0.3519 ,-0.3041 ,-0.1576 ,-1.6754 ,1.9770 ,-0.6728 ,0.4142 ,-0.5883 ,1,0,-1.6433 ,1
-0.8384 ,-0.2285 ,-1.6070 ,2.2308 ,-2.1042 ,0.2352 ,-0.3813 ,-1.2250 ,0.9076 ,-0.2857 ,-0.3519 ,-0.3041 ,-0.1576 ,-1.6754 ,1.9770 ,-0.6523 ,-0.3447 ,-0.5883 ,0,1,-1.6433 ,1
-0.7195 ,-0.5597 ,1.3311 ,-0.0826 ,0.4710 ,-0.1503 ,-0.7474 ,-1.1020 ,-0.4046 ,-0.8415 ,-0.5860 ,-0.9765 ,-0.9474 ,0.2468 ,0.9595 ,-0.6523 ,-0.4965 ,0.2782 ,0,1,0.0544 ,0
-1.9428 ,-0.5597 ,2.8448 ,1.5234 ,-0.7353 ,1.8107 ,-1.6677 ,-1.1815 ,-1.0832 ,-1.5484 ,-0.5860 ,3.2128 ,-0.9474 ,0.2468 ,1.7820 ,-0.6523 ,-0.4965 ,-2.7391 ,0,1,0.0544 ,0
-0.8840 ,-0.5597 ,1.5983 ,-0.1328 ,1.1176 ,0.4395 ,0.1070 ,-1.0680 ,-0.2306 ,-1.1226 ,-0.5860 ,-0.6139 ,-0.9474 ,0.2468 ,0.2981 ,-0.6523 ,-0.4965 ,0.1530 ,0,1,0.0544 ,0
-0.1595 ,-0.5597 ,-0.0934 ,-0.7665 ,-0.3178 ,0.3310 ,-0.4877 ,0.5114 ,-0.0060 ,0.4811 ,-0.1178 ,-0.1752 ,-0.9474 ,0.1620 ,-0.8466 ,-0.6523 ,-0.3447 ,0.4088 ,0,1,0.0544 ,0
-0.1595 ,-0.5597 ,-0.0934 ,-0.7665 ,-0.3178 ,0.3310 ,-0.4877 ,0.5114 ,-0.0060 ,0.4811 ,-0.1178 ,-0.1752 ,-0.6841 ,0.1620 ,-0.8466 ,-0.6523 ,-0.3447 ,0.4088 ,0,1,0.0544 ,0
-0.1595 ,-0.5597 ,-0.0934 ,-0.7665 ,-0.3178 ,0.3310 ,-0.4877 ,0.5114 ,-0.0060 ,0.4811 ,-0.1178 ,-0.1752 ,0.3690 ,0.1620 ,-0.8466 ,-0.6523 ,-0.3447 ,0.4088 ,0,1,0.0544 ,0
-0.1595 ,-0.5597 ,-0.0934 ,-0.7665 ,-0.3178 ,0.3310 ,-0.4877 ,0.5114 ,-0.0060 ,0.4811 ,-0.1178 ,-0.1752 ,1.4220 ,0.1620 ,-0.8466 ,-0.6523 ,-0.3447 ,0.4088 ,0,1,0.0544 ,0
-0.1595 ,-0.5597 ,-0.0934 ,-0.7665 ,-0.3178 ,0.3310 ,-0.4877 ,0.5114 ,-0.0060 ,0.4811 ,-0.1178 ,-0.1752 ,0.3690 ,-1.1101 ,-0.8466 ,-0.6523 ,-0.3447 ,0.4088 ,0,1,0.0544 ,0
-0.1595 ,-0.5597 ,-0.0934 ,-0.7665 ,-0.3178 ,0.3310 ,-0.4877 ,0.5114 ,-0.0060 ,0.4811 ,-0.1178 ,-0.1752 ,0.3690 ,1.7167 ,-0.8466 ,-0.6523 ,-0.3447 ,0.4088 ,0,1,0.0544 ,0
-0.1595 ,-0.5597 ,-0.0934 ,-0.7665 ,-0.3178 ,0.3310 ,-0.4877 ,0.5114 ,-0.0060 ,0.4811 ,-0.1178 ,-0.1752 ,0.3690 ,2.8473 ,-0.8466 ,-0.6523 ,-0.3447 ,0.4088 ,0,1,0.0544 ,0
-0.1595 ,-0.5597 ,-0.0934 ,-0.7665 ,-0.3178 ,0.3310 ,-0.4877 ,0.5114 ,-0.0060 ,0.4811 ,-0.1178 ,-0.1752 ,0.3690 ,0.1620 ,-0.8466 ,-0.6523 ,-0.3447 ,0.4088 ,0,1,0.0544 ,0
-0.1595 ,-0.5597 ,-0.0934 ,-0.7665 ,-0.3178 ,0.3310 ,-0.4877 ,0.5114 ,-0.0060 ,0.4811 ,-0.1178 ,-0.1752 ,0.3690 ,0.1620 ,-0.8466 ,-0.6523 ,-0.3447 ,0.4088 ,0,1,0.0544 ,0
-0.1595 ,-0.5597 ,-0.0934 ,-0.7665 ,-0.3178 ,0.3310 ,-0.4877 ,0.5114 ,-0.0060 ,0.4811 ,-0.1178 ,-0.1752 ,0.3690 ,0.1620 ,-0.8466 ,-0.6523 ,-0.9518 ,0.4088 ,0,1,0.0544 ,0
-0.1595 ,-0.5597 ,-0.0934 ,-0.7665 ,-0.3178 ,0.3310 ,-0.4877 ,0.5114 ,-0.0060 ,0.4811 ,-0.1178 ,-0.1752 ,0.3690 ,0.1620 ,-0.8466 ,-0.6523 ,6.4853 ,0.4088 ,0,1,0.0544 ,0
-0.5803 ,-0.6425 ,-0.9838 ,0.2591 ,1.8792 ,0.2893 ,1.2465 ,0.3988 ,1.6787 ,1.1136 ,-0.4690 ,-0.9548 ,-0.3682 ,0.3033 ,0.3660 ,-0.6523 ,0.4142 ,0.8838 ,0,1,0.0544 ,0
-0.5803 ,-0.6425 ,-0.9838 ,0.2591 ,1.8792 ,0.2893 ,1.2465 ,0.3988 ,1.6787 ,1.1136 ,-0.4690 ,-0.9548 ,-0.3682 ,0.3033 ,0.3660 ,-0.6523 ,0.4142 ,0.8838 ,0,1,0.0544 ,0
-0.5803 ,-0.6425 ,-0.9838 ,0.2591 ,1.8792 ,0.2893 ,1.2465 ,0.3988 ,1.6787 ,1.1136 ,-0.4690 ,-0.9548 ,0.4743 ,0.3033 ,0.3660 ,-0.6523 ,0.4142 ,0.8838 ,0,1,0.0544 ,0
-0.5803 ,-0.6425 ,-0.9838 ,0.2591 ,1.8792 ,0.2893 ,1.2465 ,0.3988 ,1.6787 ,1.1136 ,-0.4690 ,-0.9548 ,-0.3682 ,0.3033 ,0.3660 ,-0.6523 ,0.4142 ,0.8838 ,0,1,0.0544 ,0
-0.5803 ,-0.6425 ,-0.9838 ,0.2591 ,1.8792 ,0.2893 ,1.2465 ,0.3988 ,1.6787 ,1.1136 ,-0.4690 ,-0.9548 ,-0.3682 ,0.3033 ,0.3660 ,-0.6523 ,0.4142 ,0.8838 ,0,1,0.0544 ,0
0.1188 ,-0.2285 ,1.0640 ,-0.2264 ,1.1328 ,0.4303 ,-0.3327 ,-1.1501 ,-0.1123 ,-1.2631 ,-0.3519 ,-0.7568 ,-1.0843 ,-1.6754 ,0.8747 ,-0.6523 ,-0.3447 ,-0.1864 ,0,1,-0.6247 ,1
0.1188 ,-0.2285 ,1.0640 ,-0.2264 ,1.1328 ,0.4303 ,-0.3327 ,-1.1501 ,-0.1123 ,-1.2631 ,-0.3519 ,-0.7568 ,-0.9579 ,-1.6754 ,0.8747 ,-0.6523 ,-0.3447 ,-0.1864 ,0,1,-0.6247 ,1
0.1188 ,-0.2285 ,1.0640 ,-0.2264 ,1.1328 ,0.4303 ,-0.3327 ,-1.1501 ,-0.1123 ,-1.2631 ,-0.3519 ,-0.7568 ,-0.3682 ,-1.6754 ,0.8747 ,-0.6523 ,-0.3447 ,-0.1864 ,0,1,-0.6247 ,1
0.1188 ,-0.2285 ,1.0640 ,-0.2264 ,1.1328 ,0.4303 ,-0.3327 ,-1.1501 ,-0.1123 ,-1.2631 ,-0.3519 ,-0.7568 ,-0.9579 ,-1.6754 ,0.8747 ,-0.5375 ,-0.3447 ,-0.1864 ,0,1,-0.6247 ,1
0.1188 ,-0.2285 ,1.0640 ,-0.2264 ,1.1328 ,0.4303 ,-0.3327 ,-1.1501 ,-0.1123 ,-1.2631 ,-0.3519 ,-0.7568 ,-0.7894 ,-1.6754 ,0.8747 ,-0.5375 ,-0.3447 ,-0.1864 ,0,1,-0.6247 ,1
0.1188 ,-0.2285 ,1.0640 ,-0.2264 ,1.1328 ,0.4303 ,-0.3327 ,-1.1501 ,-0.1123 ,-1.2631 ,-0.3519 ,-0.7568 ,-0.5788 ,-1.6754 ,0.8747 ,-0.5375 ,-0.3447 ,-0.1864 ,0,1,-0.6247 ,1
-0.6608 ,-0.2285 ,-0.8947 ,2.2677 ,0.2623 ,-1.4473 ,-0.7819 ,-0.6455 ,-0.1031 ,1.5353 ,-0.2348 ,1.0936 ,-0.9579 ,-1.6754 ,2.0194 ,-0.6523 ,-0.3447 ,-2.7966 ,0,1,0.0544 ,0
-0.6608 ,-0.2285 ,-0.8947 ,2.2677 ,0.2623 ,-1.4473 ,-0.7819 ,-0.6455 ,-0.1031 ,1.5353 ,-0.2348 ,1.0936 ,-0.9579 ,0.0206 ,2.0194 ,-0.6523 ,-0.3447 ,-2.7966 ,0,1,0.0544 ,0
-0.6608 ,-0.2285 ,-0.8947 ,2.2677 ,0.2623 ,-1.4473 ,-0.7819 ,-0.6455 ,-0.1031 ,1.5353 ,-0.2348 ,1.0936 ,-0.9579 ,1.7167 ,2.0194 ,-0.6523 ,-0.3447 ,-2.7966 ,0,1,0.0544 ,0
-0.6608 ,-0.2285 ,-0.8947 ,2.2677 ,0.2623 ,-1.4473 ,-0.7819 ,-0.6455 ,-0.1031 ,1.5353 ,-0.2348 ,1.0936 ,-0.7052 ,0.0206 ,2.0194 ,-0.6523 ,-0.3447 ,-2.7966 ,0,1,0.0544 ,0
-0.6608 ,-0.2285 ,-0.8947 ,2.2677 ,0.2623 ,-1.4473 ,-0.7819 ,-0.6455 ,-0.1031 ,1.5353 ,-0.2348 ,1.0936 ,-0.9579 ,0.0206 ,2.0194 ,-0.6523 ,0.4142 ,-2.7966 ,0,0,0.0544 ,0
-0.6608 ,-0.2285 ,-0.8947 ,2.2677 ,0.2623 ,-1.4473 ,-0.7819 ,-0.6455 ,-0.1031 ,1.5353 ,-0.2348 ,1.0936 ,-0.9579 ,0.0206 ,2.0194 ,-0.6523 ,0.4142 ,-2.7966 ,0,0,0.0544 ,0
-0.6608 ,-0.2285 ,-0.8947 ,2.2677 ,0.2623 ,-1.4473 ,-0.7819 ,-0.6455 ,-0.1031 ,1.5353 ,-0.2348 ,1.0936 ,-0.9579 ,0.0206 ,2.0194 ,-0.6523 ,-0.3447 ,-2.7966 ,0,1,0.0544 ,0
-0.4919 ,-0.2506 ,-1.6070 ,0.3287 ,0.6087 ,-0.8867 ,2.1945 ,0.7973 ,0.9270 ,-0.8479 ,-0.2348 ,2.1425 ,-0.5525 ,0.8686 ,0.3532 ,0.4754 ,-0.3447 ,-1.1678 ,0,1,0.0544 ,1
-0.4919 ,-0.2506 ,-1.6070 ,0.3287 ,0.6087 ,-0.8867 ,2.1945 ,0.7973 ,0.9270 ,-0.8479 ,-0.2348 ,2.1425 ,-0.1155 ,0.8686 ,0.3532 ,0.4754 ,-0.3447 ,-1.1678 ,0,1,0.0544 ,1
-0.4919 ,-0.2506 ,-1.6070 ,0.3287 ,0.6087 ,-0.8867 ,2.1945 ,0.7973 ,0.9270 ,-0.8479 ,-0.2348 ,2.1425 ,0.4348 ,0.8686 ,0.3532 ,0.4754 ,-0.3447 ,-1.1678 ,0,1,0.0544 ,1
-0.4919 ,-0.2506 ,-1.6070 ,0.3287 ,0.6087 ,-0.8867 ,2.1945 ,0.7973 ,0.9270 ,-0.8479 ,-0.2348 ,2.1425 ,0.9834 ,0.8686 ,0.3532 ,0.4754 ,-0.3447 ,-1.1678 ,0,1,0.0544 ,1
-0.4919 ,-0.2506 ,-1.6070 ,0.3287 ,0.6087 ,-0.8867 ,2.1945 ,0.7973 ,0.9270 ,-0.8479 ,-0.2348 ,2.1425 ,3.1770 ,0.8686 ,0.3532 ,0.4754 ,-0.3447 ,-1.1678 ,0,1,0.0544 ,1
-0.3248 ,-0.6039 ,0.1737 ,-0.6135 ,1.3967 ,-0.1152 ,1.3779 ,1.4334 ,0.0161 ,-0.9843 ,-0.3519 ,0.3737 ,3.0017 ,0.0206 ,-0.1894 ,0.0243 ,0.4142 ,-0.0872 ,0,1,1.0730 ,0
-0.3248 ,-0.6039 ,0.1737 ,-0.6135 ,1.3967 ,-0.1152 ,1.3779 ,1.4334 ,0.0161 ,-0.9843 ,-0.3519 ,0.3737 ,-0.5104 ,0.0206 ,-0.1894 ,0.0243 ,0.4142 ,-0.0872 ,0,1,1.0730 ,0
-0.3248 ,-0.6039 ,0.1737 ,-0.6135 ,1.3967 ,-0.1152 ,1.3779 ,1.4334 ,0.0161 ,-0.9843 ,-0.3519 ,0.3737 ,-0.5104 ,0.0206 ,-0.1894 ,0.0654 ,0.4142 ,-0.0872 ,0,1,1.0730 ,0
-0.3248 ,-0.6039 ,0.1737 ,-0.6135 ,1.3967 ,-0.1152 ,1.3779 ,1.4334 ,0.0161 ,-0.9843 ,-0.3519 ,0.3737 ,-0.5104 ,-1.6754 ,-0.1894 ,-0.0044 ,0.4142 ,-0.0872 ,0,1,1.0730 ,0
-0.3248 ,-0.6039 ,0.1737 ,-0.6135 ,1.3967 ,-0.1152 ,1.3779 ,1.4334 ,0.0161 ,-0.9843 ,-0.3519 ,0.3737 ,-0.5104 ,1.7167 ,-0.1894 ,-0.0782 ,0.4142 ,-0.0872 ,0,1,1.0730 ,0
-1.9189 ,-0.7143 ,1.3311 ,1.5622 ,0.2684 ,0.9061 ,-1.1825 ,-1.2833 ,-0.9784 ,-1.6806 ,-0.5860 ,0.9619 ,0.5427 ,-1.6754 ,1.0909 ,-0.6523 ,-0.3447 ,-0.1655 ,0,1,3.4499 ,0
-1.9189 ,-0.7143 ,1.3311 ,1.5622 ,0.2684 ,0.9061 ,-1.1825 ,-1.2833 ,-0.9784 ,-1.6806 ,-0.5860 ,0.9619 ,2.2961 ,-1.6754 ,1.0909 ,-0.6523 ,-0.3447 ,-0.1655 ,0,1,3.4499 ,0
-1.9189 ,-0.7143 ,1.3311 ,1.5622 ,0.2684 ,0.9061 ,-1.1825 ,-1.2833 ,-0.9784 ,-1.6806 ,-0.5860 ,0.9619 ,4.0547 ,-1.6754 ,1.0909 ,-0.6523 ,-0.3447 ,-0.1655 ,0,1,3.4499 ,0
-1.9189 ,-0.7143 ,1.3311 ,1.5622 ,0.2684 ,0.9061 ,-1.1825 ,-1.2833 ,-0.9784 ,-1.6806 ,-0.5860 ,0.9619 ,4.0547 ,-1.6754 ,1.0909 ,-0.6523 ,-0.3447 ,-0.1655 ,0,1,3.4499 ,0
-0.7383 ,0.1027 ,-0.9838 ,0.2726 ,2.1790 ,0.2412 ,1.2465 ,-0.7962 ,0.8814 ,0.9669 ,-0.5860 ,0.5724 ,1.4220 ,0.5860 ,-1.6224 ,-0.2422 ,-0.6483 ,1.7556 ,0,1,0.0544 ,0
-0.7383 ,0.1027 ,-0.9838 ,0.2726 ,2.1790 ,0.2412 ,1.2465 ,-0.7962 ,0.8814 ,0.9669 ,-0.5860 ,0.5724 ,1.4220 ,0.0206 ,-1.6224 ,-0.2422 ,-0.6483 ,1.7556 ,0,1,0.0544 ,0
-0.7383 ,0.1027 ,-0.9838 ,0.2726 ,2.1790 ,0.2412 ,1.2465 ,-0.7962 ,0.8814 ,0.9669 ,-0.5860 ,0.5724 ,1.4220 ,1.1513 ,-1.6224 ,-0.2422 ,-0.6483 ,1.7556 ,0,1,0.0544 ,0
-0.7383 ,0.1027 ,-0.9838 ,0.2726 ,2.1790 ,0.2412 ,1.2465 ,-0.7962 ,0.8814 ,0.9669 ,-0.5860 ,0.5724 ,1.4220 ,1.7167 ,-1.6224 ,-0.2422 ,-0.6483 ,1.7556 ,0,1,0.0544 ,0
-0.7383 ,0.1027 ,-0.9838 ,0.2726 ,2.1790 ,0.2412 ,1.2465 ,-0.7962 ,0.8814 ,0.9669 ,-0.5860 ,0.5724 ,1.4220 ,2.2820 ,-1.6224 ,-0.2422 ,-0.6483 ,1.7556 ,0,1,0.0544 ,0
-0.7383 ,0.1027 ,-0.9838 ,0.2726 ,2.1790 ,0.2412 ,1.2465 ,-0.7962 ,0.8814 ,0.9669 ,-0.5860 ,0.5724 ,1.4220 ,0.5860 ,-1.6224 ,-0.2422 ,-0.9518 ,1.7556 ,0,1,0.0544 ,0
-0.7383 ,0.1027 ,-0.9838 ,0.2726 ,2.1790 ,0.2412 ,1.2465 ,-0.7962 ,0.8814 ,0.9669 ,-0.5860 ,0.5724 ,1.4220 ,0.5860 ,-1.6224 ,-0.2422 ,-0.8000 ,1.7556 ,0,1,0.0544 ,0
-0.7383 ,0.1027 ,-0.9838 ,0.2726 ,2.1790 ,0.2412 ,1.2465 ,-0.7962 ,0.8814 ,0.9669 ,-0.5860 ,0.5724 ,1.4220 ,0.5860 ,-1.6224 ,-0.2422 ,-0.3447 ,1.7556 ,0,1,0.0544 ,0
-0.7383 ,0.1027 ,-0.9838 ,0.2726 ,2.1790 ,0.2412 ,1.2465 ,-0.7962 ,0.8814 ,0.9669 ,-0.5860 ,0.5724 ,-0.1576 ,0.5860 ,-1.6224 ,-0.2422 ,-0.6483 ,1.7556 ,0,1,0.0544 ,0
-0.7383 ,0.1027 ,-0.9838 ,0.2726 ,2.1790 ,0.2412 ,1.2465 ,-0.7962 ,0.8814 ,0.9669 ,-0.5860 ,0.5724 ,4.0547 ,0.5860 ,-1.6224 ,-0.2422 ,-0.6483 ,1.7556 ,0,1,0.0544 ,0
-0.7383 ,0.1027 ,-0.9838 ,0.2726 ,2.1790 ,0.2412 ,1.2465 ,-0.7962 ,0.8814 ,0.9669 ,-0.5860 ,0.5724 ,1.4220 ,0.5860 ,-1.6224 ,-0.8574 ,-0.6483 ,1.7556 ,0,1,0.0544 ,0
-0.7383 ,0.1027 ,-0.9838 ,0.2726 ,2.1790 ,0.2412 ,1.2465 ,-0.7962 ,0.8814 ,0.9669 ,-0.5860 ,0.5724 ,1.4220 ,0.5860 ,-1.6224 ,-0.6523 ,-0.6483 ,1.7556 ,0,1,0.0544 ,0
-0.7383 ,0.1027 ,-0.9838 ,0.2726 ,2.1790 ,0.2412 ,1.2465 ,-0.7962 ,0.8814 ,0.9669 ,-0.5860 ,0.5724 ,1.4220 ,0.5860 ,-1.6224 ,-0.2422 ,-0.3447 ,1.7556 ,0,0,0.0544 ,0
-0.7383 ,0.1027 ,-0.9838 ,0.2726 ,2.1790 ,0.2412 ,1.2465 ,-0.7962 ,0.8814 ,0.9669 ,-0.5860 ,0.5724 ,1.4220 ,0.5860 ,-1.6224 ,-0.2422 ,-0.1929 ,1.7556 ,0,0,0.0544 ,0
-0.5859 ,0.3941 ,0.9750 ,0.4357 ,-1.0541 ,1.2748 ,-0.8070 ,-0.6083 ,-0.1771 ,-0.2751 ,-0.5860 ,-1.2232 ,-0.2208 ,0.3598 ,0.9892 ,-0.2422 ,-0.6483 ,0.9360 ,0,1,-0.2851 ,1
-0.5859 ,0.3941 ,0.9750 ,0.4357 ,-1.0541 ,1.2748 ,-0.8070 ,-0.6083 ,-0.1771 ,-0.2751 ,-0.5860 ,-1.2232 ,-0.2208 ,0.3598 ,0.9892 ,-0.2422 ,-0.6483 ,0.9360 ,0,1,-0.2851 ,1
-0.5859 ,0.3941 ,0.9750 ,0.4357 ,-1.0541 ,1.2748 ,-0.8070 ,-0.6083 ,-0.1771 ,-0.2751 ,-0.5860 ,-1.2232 ,-0.2208 ,0.3598 ,0.9892 ,-0.2422 ,-0.6483 ,0.9360 ,0,1,-0.2851 ,1
-0.5859 ,0.3941 ,0.9750 ,0.4357 ,-1.0541 ,1.2748 ,-0.8070 ,-0.6083 ,-0.1771 ,-0.2751 ,-0.5860 ,-1.2232 ,-0.2208 ,0.3598 ,0.9892 ,-0.2422 ,-0.6483 ,0.9360 ,0,1,-0.2851 ,1
-0.5859 ,0.3941 ,0.9750 ,0.4357 ,-1.0541 ,1.2748 ,-0.8070 ,-0.6083 ,-0.1771 ,-0.2751 ,-0.5860 ,-1.2232 ,-0.2208 ,0.3598 ,0.9892 ,-0.2422 ,-0.6483 ,0.9360 ,0,1,-0.2851 ,1
1.9453 ,-0.6039 ,0.2627 ,-0.1522 ,-0.9007 ,-3.0592 ,0.9583 ,0.1329 ,1.5578 ,1.2645 ,-0.4690 ,-1.0642 ,-1.1448 ,0.0206 ,0.7051 ,2.6284 ,0.4142 ,-0.5153 ,0,1,-0.1154 ,0
1.9453 ,-0.6039 ,0.2627 ,-0.1522 ,-0.9007 ,-3.0592 ,0.9583 ,0.1329 ,1.5578 ,1.2645 ,-0.4690 ,-1.0642 ,-0.8816 ,0.0206 ,0.7051 ,2.6284 ,0.4142 ,-0.5153 ,0,1,-0.1154 ,0
1.9453 ,-0.6039 ,0.2627 ,-0.1522 ,-0.9007 ,-3.0592 ,0.9583 ,0.1329 ,1.5578 ,1.2645 ,-0.4690 ,-1.0642 ,-0.5525 ,0.0206 ,0.7051 ,2.6284 ,0.4142 ,-0.5153 ,0,1,-0.1154 ,0
1.9453 ,-0.6039 ,0.2627 ,-0.1522 ,-0.9007 ,-3.0592 ,0.9583 ,0.1329 ,1.5578 ,1.2645 ,-0.4690 ,-1.0642 ,-0.5525 ,0.0206 ,0.7051 ,2.6284 ,0.4142 ,-0.5153 ,0,1,-0.0814 ,0
1.9453 ,-0.6039 ,0.2627 ,-0.1522 ,-0.9007 ,-3.0592 ,0.9583 ,0.1329 ,1.5578 ,1.2645 ,-0.4690 ,-1.0642 ,-0.5525 ,-1.6754 ,0.7051 ,2.6284 ,0.4142 ,-0.5153 ,0,1,-0.0135 ,0
1.9453 ,-0.6039 ,0.2627 ,-0.1522 ,-0.9007 ,-3.0592 ,0.9583 ,0.1329 ,1.5578 ,1.2645 ,-0.4690 ,-1.0642 ,-0.5525 ,2.2820 ,0.7051 ,2.6284 ,0.4142 ,-0.5153 ,0,1,0.0204 ,0
-0.6608 ,-0.7112 ,-0.8947 ,2.2677 ,0.2623 ,-1.4473 ,-0.7819 ,-0.6455 ,-0.1031 ,1.5353 ,-0.5860 ,1.0936 ,-0.1576 ,0.4164 ,2.0194 ,0.8855 ,-0.8000 ,-2.7966 ,0,1,0.0544 ,0
-0.6608 ,-0.7112 ,-0.8947 ,2.2677 ,0.2623 ,-1.4473 ,-0.7819 ,-0.6455 ,-0.1031 ,1.5353 ,-0.5860 ,1.0936 ,-0.1576 ,0.4164 ,2.0194 ,0.5370 ,-0.8000 ,-2.7966 ,0,1,0.0544 ,0
0.9797 ,-0.2285 ,-0.1825 ,-0.9179 ,-0.5445 ,-0.1035 ,-0.0526 ,1.1000 ,0.4550 ,0.2765 ,-0.7499 ,-0.7824 ,-1.1054 ,0.4446 ,-0.4226 ,-0.8574 ,-0.8000 ,-0.0820 ,0,1,0.0544 ,0
0.9797 ,-0.2285 ,-0.1825 ,-0.9179 ,-0.5445 ,-0.1035 ,-0.0526 ,1.1000 ,0.4550 ,0.2765 ,-0.7499 ,-0.7824 ,-1.0000 ,0.5068 ,-0.4226 ,-0.8574 ,-0.8000 ,-0.0820 ,0,1,0.0544 ,0
0.9797 ,-0.2285 ,-0.1825 ,-0.9179 ,-0.5445 ,-0.1035 ,-0.0526 ,1.1000 ,0.4550 ,0.2765 ,-0.7499 ,-0.7824 ,-0.8947 ,0.5068 ,-0.4226 ,-0.8574 ,-0.8000 ,-0.0820 ,0,1,0.0544 ,0
0.9797 ,-0.2285 ,-0.1825 ,-0.9179 ,-0.5445 ,-0.1035 ,-0.0526 ,1.1000 ,0.4550 ,0.2765 ,-0.7499 ,-0.7824 ,-0.7894 ,0.5238 ,-0.4226 ,-0.8574 ,-0.8000 ,-0.0820 ,0,1,0.0544 ,0
0.9797 ,-0.2285 ,-0.1825 ,-0.9179 ,-0.5445 ,-0.1035 ,-0.0526 ,1.1000 ,0.4550 ,0.2765 ,-0.7499 ,-0.7824 ,-0.6841 ,0.5407 ,-0.4226 ,-0.8574 ,-0.8000 ,-0.0820 ,0,1,0.0544 ,0
0.9797 ,-0.2285 ,-0.1825 ,-0.9179 ,-0.5445 ,-0.1035 ,-0.0526 ,1.1000 ,0.4550 ,0.2765 ,-0.7499 ,-0.7824 ,-0.7894 ,-1.7093 ,-0.4226 ,-0.8574 ,-0.8000 ,-0.0820 ,0,1,0.0544 ,0
0.9797 ,-0.2285 ,-0.1825 ,-0.9179 ,-0.5445 ,-0.1035 ,-0.0526 ,1.1000 ,0.4550 ,0.2765 ,-0.7499 ,-0.7824 ,-0.7894 ,-0.4995 ,-0.4226 ,-0.8574 ,-0.8000 ,-0.0820 ,0,1,0.0544 ,0
0.9797 ,-0.2285 ,-0.1825 ,-0.9179 ,-0.5445 ,-0.1035 ,-0.0526 ,1.1000 ,0.4550 ,0.2765 ,-0.7499 ,-0.7824 ,-0.7894 ,1.7449 ,-0.4226 ,-0.8574 ,-0.8000 ,-0.0820 ,0,1,0.0544 ,0
-0.1595 ,1.4274 ,-0.0934 ,-0.7665 ,-0.3178 ,0.3310 ,-0.4877 ,0.5114 ,-0.0060 ,0.4811 ,0.3505 ,-0.1752 ,-1.0790 ,0.5860 ,-0.8466 ,0.5780 ,-0.9518 ,0.4088 ,1,0,-1.6433 ,0
-0.1595 ,1.4274 ,-0.0934 ,-0.7665 ,-0.3178 ,0.3310 ,-0.4877 ,0.5114 ,-0.0060 ,0.4811 ,0.3505 ,-0.1752 ,-1.0790 ,0.5860 ,-0.8466 ,0.5780 ,-0.4965 ,0.4088 ,1,0,-1.6433 ,0
-0.1595 ,1.4274 ,-0.0934 ,-0.7665 ,-0.3178 ,0.3310 ,-0.4877 ,0.5114 ,-0.0060 ,0.4811 ,0.3505 ,-0.1752 ,-1.0790 ,0.5860 ,-0.8466 ,0.5780 ,-0.1929 ,0.4088 ,1,0,-1.6433 ,0
-0.1595 ,1.4274 ,-0.0934 ,-0.7665 ,-0.3178 ,0.3310 ,-0.4877 ,0.5114 ,-0.0060 ,0.4811 ,0.3505 ,-0.1752 ,-1.0790 ,0.5860 ,-0.8466 ,0.5780 ,0.1106 ,0.4088 ,1,0,-1.6433 ,0
-0.1595 ,1.4274 ,-0.0934 ,-0.7665 ,-0.3178 ,0.3310 ,-0.4877 ,0.5114 ,-0.0060 ,0.4811 ,0.3505 ,-0.1752 ,-1.1580 ,0.5860 ,-0.8466 ,0.5780 ,-0.8000 ,0.4088 ,1,0,-1.6433 ,0
-0.1595 ,1.4274 ,-0.0934 ,-0.7665 ,-0.3178 ,0.3310 ,-0.4877 ,0.5114 ,-0.0060 ,0.4811 ,0.3505 ,-0.1752 ,-1.1054 ,0.5860 ,-0.8466 ,0.5780 ,-0.8000 ,0.4088 ,1,0,-1.6433 ,0
-0.1595 ,1.4274 ,-0.0934 ,-0.7665 ,-0.3178 ,0.3310 ,-0.4877 ,0.5114 ,-0.0060 ,0.4811 ,0.3505 ,-0.1752 ,-1.0527 ,0.5860 ,-0.8466 ,0.5780 ,-0.8000 ,0.4088 ,1,0,-1.6433 ,0
-0.1595 ,1.4274 ,-0.0934 ,-0.7665 ,-0.3178 ,0.3310 ,-0.4877 ,0.5114 ,-0.0060 ,0.4811 ,0.3505 ,-0.1752 ,-1.0000 ,0.5860 ,-0.8466 ,0.5780 ,-0.8000 ,0.4088 ,1,0,-1.6433 ,0
-0.1595 ,1.4274 ,-0.0934 ,-0.7665 ,-0.3178 ,0.3310 ,-0.4877 ,0.5114 ,-0.0060 ,0.4811 ,0.3505 ,-0.1752 ,-1.0790 ,0.5860 ,-0.8466 ,-0.6523 ,-0.8000 ,0.4088 ,1,0,-1.6433 ,0
-0.1595 ,1.4274 ,-0.0934 ,-0.7665 ,-0.3178 ,0.3310 ,-0.4877 ,0.5114 ,-0.0060 ,0.4811 ,0.3505 ,-0.1752 ,-1.0790 ,0.5860 ,-0.8466 ,-0.0372 ,-0.8000 ,0.4088 ,1,0,-1.6433 ,0
-0.1595 ,1.4274 ,-0.0934 ,-0.7665 ,-0.3178 ,0.3310 ,-0.4877 ,0.5114 ,-0.0060 ,0.4811 ,0.3505 ,-0.1752 ,-1.0790 ,0.5860 ,-0.8466 ,0.1679 ,-0.8000 ,0.4088 ,1,0,-1.6433 ,0
-0.1595 ,1.4274 ,-0.0934 ,-0.7665 ,-0.3178 ,0.3310 ,-0.4877 ,0.5114 ,-0.0060 ,0.4811 ,0.3505 ,-0.1752 ,-1.0790 ,0.5860 ,-0.8466 ,0.5780 ,-0.4965 ,0.4088 ,1,0,-1.6433 ,0
-0.1595 ,1.4274 ,-0.0934 ,-0.7665 ,-0.3178 ,0.3310 ,-0.4877 ,0.5114 ,-0.0060 ,0.4811 ,0.3505 ,-0.1752 ,-1.0790 ,0.5860 ,-0.8466 ,0.5780 ,-0.4965 ,0.4088 ,1,0,-1.6433 ,0
-0.1595 ,1.4274 ,-0.0934 ,-0.7665 ,-0.3178 ,0.3310 ,-0.4877 ,0.5114 ,-0.0060 ,0.4811 ,0.3505 ,-0.1752 ,-1.0790 ,-0.8274 ,-0.8466 ,0.5780 ,-0.4965 ,0.4088 ,1,0,-1.6433 ,0
-0.1595 ,1.4274 ,-0.0934 ,-0.7665 ,-0.3178 ,0.3310 ,-0.4877 ,0.5114 ,-0.0060 ,0.4811 ,0.3505 ,-0.1752 ,-1.0790 ,-0.5447 ,-0.8466 ,0.5780 ,-0.4965 ,0.4088 ,1,0,-1.6433 ,0
-0.1595 ,1.4274 ,-0.0934 ,-0.7665 ,-0.3178 ,0.3310 ,-0.4877 ,0.5114 ,-0.0060 ,0.4811 ,0.3505 ,-0.1752 ,-1.0790 ,0.0206 ,-0.8466 ,0.5780 ,-0.4965 ,0.4088 ,1,0,-1.6433 ,0
-0.1595 ,1.4274 ,-0.0934 ,-0.7665 ,-0.3178 ,0.3310 ,-0.4877 ,0.5114 ,-0.0060 ,0.4811 ,0.3505 ,-0.1752 ,-1.0790 ,1.1513 ,-0.8466 ,0.5780 ,-0.4965 ,0.4088 ,1,0,-1.6433 ,0
-0.1595 ,1.4274 ,-0.0934 ,-0.7665 ,-0.3178 ,0.3310 ,-0.4877 ,0.5114 ,-0.0060 ,0.4811 ,0.3505 ,-0.1752 ,-1.0790 ,0.5860 ,-0.8466 ,0.5780 ,-0.4965 ,0.4088 ,1,0,-5.0388 ,0
-0.1595 ,1.4274 ,-0.0934 ,-0.7665 ,-0.3178 ,0.3310 ,-0.4877 ,0.5114 ,-0.0060 ,0.4811 ,0.3505 ,-0.1752 ,-1.0790 ,0.5860 ,-0.8466 ,0.5780 ,-0.4965 ,0.4088 ,1,0,1.7521 ,0
-0.1595 ,1.4274 ,-0.0934 ,-0.7665 ,-0.3178 ,0.3310 ,-0.4877 ,0.5114 ,-0.0060 ,0.4811 ,0.3505 ,-0.1752 ,-1.0790 ,0.5860 ,-0.8466 ,0.5780 ,-0.4965 ,0.4088 ,1,0,5.1476 ,0
-1.9428 ,-0.7112 ,2.8448 ,1.5234 ,-0.7353 ,1.8107 ,-1.6677 ,-1.1815 ,-1.0832 ,-1.5484 ,-0.6329 ,3.2128 ,-0.1576 ,2.2820 ,1.7820 ,-0.4473 ,-0.3447 ,-2.7391 ,0,1,0.0544 ,0
-1.9428 ,-0.7112 ,2.8448 ,1.5234 ,-0.7353 ,1.8107 ,-1.6677 ,-1.1815 ,-1.0832 ,-1.5484 ,-0.6329 ,3.2128 ,-0.1576 ,2.2820 ,1.7820 ,-0.4473 ,-0.3447 ,-2.7391 ,0,1,0.0544 ,0
-1.9428 ,-0.7112 ,2.8448 ,1.5234 ,-0.7353 ,1.8107 ,-1.6677 ,-1.1815 ,-1.0832 ,-1.5484 ,-0.6329 ,3.2128 ,-0.1576 ,2.2820 ,1.7820 ,-0.4473 ,-0.3447 ,-2.7391 ,0,1,0.0544 ,0
-1.9428 ,-0.7112 ,2.8448 ,1.5234 ,-0.7353 ,1.8107 ,-1.6677 ,-1.1815 ,-1.0832 ,-1.5484 ,-0.6329 ,3.2128 ,-0.1576 ,2.2820 ,1.7820 ,-0.4473 ,-0.3447 ,-2.7391 ,0,1,0.0544 ,0
-0.2384 ,-0.7474 ,0.0846 ,-0.1632 ,-0.1842 ,1.0447 ,-0.0526 ,1.4138 ,-0.1707 ,-0.2815 ,-0.0428 ,-0.2183 ,0.3690 ,0.5860 ,-0.3802 ,-0.6523 ,-0.3447 ,-0.0976 ,0,1,0.0544 ,0
-0.2384 ,-0.7474 ,0.0846 ,-0.1632 ,-0.1842 ,1.0447 ,-0.0526 ,1.4138 ,-0.1707 ,-0.2815 ,-0.0428 ,-0.2183 ,0.3690 ,0.5860 ,-0.3802 ,-0.6523 ,-0.3447 ,-0.0976 ,0,0,0.0544 ,0
-0.2384 ,-0.7474 ,0.0846 ,-0.1632 ,-0.1842 ,1.0447 ,-0.0526 ,1.4138 ,-0.1707 ,-0.2815 ,-0.0428 ,-0.2183 ,0.3690 ,0.5860 ,-0.3802 ,-0.6523 ,-0.3447 ,-0.0976 ,0,0,0.0544 ,0
-0.2384 ,-0.7474 ,0.0846 ,-0.1632 ,-0.1842 ,1.0447 ,-0.0526 ,1.4138 ,-0.1707 ,-0.2815 ,-0.0428 ,-0.2183 ,0.3690 ,0.5860 ,-0.3802 ,-0.6523 ,-0.6483 ,-0.0976 ,0,1,0.0544 ,0
-0.2384 ,-0.7474 ,0.0846 ,-0.1632 ,-0.1842 ,1.0447 ,-0.0526 ,1.4138 ,-0.1707 ,-0.2815 ,-0.0780 ,-0.2183 ,0.3690 ,0.5860 ,-0.3802 ,-0.6523 ,0.4142 ,-0.0976 ,0,1,0.0544 ,0
-0.2384 ,-0.7474 ,0.0846 ,-0.1632 ,-0.1842 ,1.0447 ,-0.0526 ,1.4138 ,-0.1707 ,-0.2815 ,-0.1131 ,-0.2183 ,0.3690 ,0.5860 ,-0.3802 ,-0.6523 ,1.9320 ,-0.0976 ,0,1,0.0544 ,0
-0.2384 ,-0.7474 ,0.0846 ,-0.1632 ,-0.1842 ,1.0447 ,-0.0526 ,1.4138 ,-0.1707 ,-0.2815 ,-0.1482 ,-0.2183 ,-0.6841 ,0.5860 ,-0.3802 ,-0.6523 ,-0.3447 ,-0.0976 ,0,1,0.0544 ,0
-0.2384 ,-0.7474 ,0.0846 ,-0.1632 ,-0.1842 ,1.0447 ,-0.0526 ,1.4138 ,-0.1707 ,-0.2815 ,-0.2184 ,-0.2183 ,-0.4208 ,0.5860 ,-0.3802 ,-0.6523 ,-0.3447 ,-0.0976 ,0,1,0.0544 ,0
-0.2384 ,-0.7474 ,0.0846 ,-0.1632 ,-0.1842 ,1.0447 ,-0.0526 ,1.4138 ,-0.1707 ,-0.2815 ,-0.2536 ,-0.2183 ,-0.1576 ,0.5860 ,-0.3802 ,-0.6523 ,-0.3447 ,-0.0976 ,0,1,0.0544 ,0
-0.2384 ,-0.7474 ,0.0846 ,-0.1632 ,-0.1842 ,1.0447 ,-0.0526 ,1.4138 ,-0.1707 ,-0.2815 ,-0.2536 ,-0.2183 ,0.1057 ,0.5860 ,-0.3802 ,-0.6523 ,-0.3447 ,-0.0976 ,0,1,0.0544 ,0
-0.2384 ,-0.7474 ,0.0846 ,-0.1632 ,-0.1842 ,1.0447 ,-0.0526 ,1.4138 ,-0.1707 ,-0.2815 ,-0.1903 ,-0.2183 ,0.3690 ,-2.8061 ,-0.3802 ,-0.6523 ,-0.3447 ,-0.0976 ,0,1,0.0544 ,0
-0.2384 ,-0.7474 ,0.0846 ,-0.1632 ,-0.1842 ,1.0447 ,-0.0526 ,1.4138 ,-0.1707 ,-0.2815 ,-0.1271 ,-0.2183 ,0.3690 ,-1.6754 ,-0.3802 ,-0.6523 ,-0.3447 ,-0.0976 ,0,1,0.0544 ,0
-0.2384 ,-0.7474 ,0.0846 ,-0.1632 ,-0.1842 ,1.0447 ,-0.0526 ,1.4138 ,-0.1707 ,-0.2815 ,-0.0522 ,-0.2183 ,0.3690 ,-0.5447 ,-0.3802 ,-0.6523 ,-0.3447 ,-0.0976 ,0,1,0.0544 ,0
-0.2384 ,-0.7474 ,0.0846 ,-0.1632 ,-0.1842 ,1.0447 ,-0.0526 ,1.4138 ,-0.1707 ,-0.2815 ,0.0227 ,-0.2183 ,0.3690 ,1.7167 ,-0.3802 ,-0.6523 ,-0.3447 ,-0.0976 ,0,1,0.0544 ,0
-0.2384 ,-0.7474 ,0.0846 ,-0.1632 ,-0.1842 ,1.0447 ,-0.0526 ,1.4138 ,-0.1707 ,-0.2815 ,0.0227 ,-0.2183 ,0.3690 ,0.5860 ,-0.3802 ,-0.6523 ,-0.3447 ,-0.0976 ,0,1,0.0544 ,0
-0.2384 ,-0.7474 ,0.0846 ,-0.1632 ,-0.1842 ,1.0447 ,-0.0526 ,1.4138 ,-0.1707 ,-0.2815 ,0.0227 ,-0.2183 ,0.3690 ,0.5860 ,-0.3802 ,-0.6523 ,-0.3447 ,-0.0976 ,0,1,0.0544 ,0
-0.2384 ,-0.7474 ,0.0846 ,-0.1632 ,-0.1842 ,1.0447 ,-0.0526 ,1.4138 ,-0.1707 ,-0.2815 ,0.0227 ,-0.2183 ,0.3690 ,0.5860 ,-0.3802 ,-0.6523 ,-0.3447 ,-0.0976 ,0,1,0.0544 ,0
-0.2384 ,-0.7474 ,0.0846 ,-0.1632 ,-0.1842 ,1.0447 ,-0.0526 ,1.4138 ,-0.1707 ,-0.2815 ,0.0227 ,-0.2183 ,0.3690 ,0.5860 ,-0.3802 ,-0.6523 ,-0.3447 ,-0.0976 ,0,1,1.7521 ,0
-0.2384 ,-0.7474 ,0.0846 ,-0.1632 ,-0.1842 ,1.0447 ,-0.0526 ,1.4138 ,-0.1707 ,-0.2815 ,0.0227 ,-0.2183 ,0.3690 ,0.5860 ,-0.3802 ,-0.6523 ,-0.3447 ,-0.0976 ,0,1,5.1476 ,0
0.1188 ,-0.7364 ,1.0640 ,-0.2264 ,1.1328 ,0.4303 ,-0.3327 ,-1.1501 ,-0.1123 ,-1.2631 ,-0.0007 ,-0.7568 ,-0.4208 ,0.5860 ,0.8747 ,-0.6523 ,0.4142 ,-0.1864 ,0,1,-0.6247 ,0
0.1188 ,-0.7364 ,1.0640 ,-0.2264 ,1.1328 ,0.4303 ,-0.3327 ,-1.1501 ,-0.1123 ,-1.2631 ,-0.0007 ,-0.7568 ,1.1588 ,0.2468 ,0.8747 ,-0.6523 ,0.4142 ,-0.1864 ,0,1,-0.6247 ,0
0.1188 ,-0.7364 ,1.0640 ,-0.2264 ,1.1328 ,0.4303 ,-0.3327 ,-1.1501 ,-0.1123 ,-1.2631 ,-0.0007 ,-0.7568 ,0.3690 ,-1.6754 ,0.8747 ,-0.6523 ,0.4142 ,-0.1864 ,0,1,-0.6247 ,0
0.1188 ,-0.7364 ,1.0640 ,-0.2264 ,1.1328 ,0.4303 ,-0.3327 ,-1.1501 ,-0.1123 ,-1.2631 ,-0.0007 ,-0.7568 ,0.3690 ,0.5860 ,0.8747 ,-0.6523 ,0.4142 ,-0.1864 ,0,1,-0.6247 ,0
0.1188 ,-0.7364 ,1.0640 ,-0.2264 ,1.1328 ,0.4303 ,-0.3327 ,-1.1501 ,-0.1123 ,-1.2631 ,-0.0007 ,-0.7568 ,0.3690 ,2.8473 ,0.8747 ,-0.6523 ,0.4142 ,-0.1864 ,0,1,-0.6247 ,0
0.1188 ,-0.7364 ,1.0640 ,-0.2264 ,1.1328 ,0.4303 ,-0.3327 ,-1.1501 ,-0.1123 ,-1.2631 ,-0.0007 ,-0.7568 ,0.3690 ,0.1902 ,0.8747 ,-0.6523 ,0.4142 ,-0.1864 ,0,0,-0.6247 ,0
0.1188 ,-0.7364 ,1.0640 ,-0.2264 ,1.1328 ,0.4303 ,-0.3327 ,-1.1501 ,-0.1123 ,-1.2631 ,-0.0007 ,-0.7568 ,0.3690 ,0.1902 ,0.8747 ,-0.6523 ,0.4142 ,-0.1864 ,1,0,-0.6247 ,0
-0.1595 ,0.3235 ,-0.0934 ,-0.7665 ,-0.3178 ,0.3310 ,-0.4877 ,0.5756 ,-0.0060 ,0.4811 ,0.1164 ,-0.1050 ,-0.3682 ,-2.2408 ,-0.8678 ,-0.2422 ,-0.6483 ,0.3774 ,0,1,0.0544 ,0
-0.1595 ,0.3235 ,-0.0934 ,-0.7665 ,-0.3178 ,0.3310 ,-0.4877 ,0.5756 ,-0.0060 ,0.4811 ,0.1164 ,-0.1050 ,-0.3682 ,-1.1101 ,-0.8678 ,-0.2422 ,-0.6483 ,0.3774 ,0,1,0.0544 ,0
-0.1595 ,0.3235 ,-0.0934 ,-0.7665 ,-0.3178 ,0.3310 ,-0.4877 ,0.5756 ,-0.0060 ,0.4811 ,0.1164 ,-0.1050 ,-0.3682 ,1.1513 ,-0.8678 ,-0.2422 ,-0.6483 ,0.3774 ,0,1,0.0544 ,0
-0.1595 ,0.3235 ,-0.0934 ,-0.7665 ,-0.3178 ,0.3310 ,-0.4877 ,0.5756 ,-0.0060 ,0.4811 ,0.1164 ,-0.1050 ,-0.3682 ,2.2820 ,-0.8678 ,-0.2422 ,-0.6483 ,0.3774 ,0,1,0.0544 ,0
-0.1595 ,0.3235 ,-0.0934 ,-0.7665 ,-0.3178 ,0.3310 ,-0.4877 ,0.5756 ,-0.0060 ,0.4811 ,0.1164 ,-0.1050 ,-0.3682 ,0.0206 ,-0.8678 ,-0.6523 ,-0.6483 ,0.3774 ,0,1,0.0544 ,0
-0.1595 ,0.3235 ,-0.0934 ,-0.7665 ,-0.3178 ,0.3310 ,-0.4877 ,0.5756 ,-0.0060 ,0.4811 ,0.1164 ,-0.1050 ,-0.3682 ,0.0206 ,-0.8678 ,0.1679 ,-0.6483 ,0.3774 ,0,1,0.0544 ,0
-0.1595 ,0.3235 ,-0.0934 ,-0.7665 ,-0.3178 ,0.3310 ,-0.4877 ,0.5756 ,-0.0060 ,0.4811 ,0.1164 ,-0.1050 ,-1.0000 ,0.0206 ,-0.8678 ,-0.2422 ,-0.6483 ,0.3774 ,0,1,0.0544 ,0
-0.1595 ,0.3235 ,-0.0934 ,-0.7665 ,-0.3178 ,0.3310 ,-0.4877 ,0.5756 ,-0.0060 ,0.4811 ,0.1164 ,-0.1050 ,-0.7894 ,0.0206 ,-0.8678 ,-0.2422 ,-0.6483 ,0.3774 ,0,1,0.0544 ,0
-0.1595 ,0.3235 ,-0.0934 ,-0.7665 ,-0.3178 ,0.3310 ,-0.4877 ,0.5756 ,-0.0060 ,0.4811 ,0.1164 ,-0.1050 ,-0.5788 ,0.0206 ,-0.8678 ,-0.2422 ,-0.6483 ,0.3774 ,0,1,0.0544 ,0
-0.1595 ,0.3235 ,-0.0934 ,-0.7665 ,-0.3178 ,0.3310 ,-0.4877 ,0.5756 ,-0.0060 ,0.4811 ,0.1164 ,-0.1050 ,-0.1576 ,0.0206 ,-0.8678 ,-0.2422 ,-0.6483 ,0.3774 ,0,1,0.0544 ,0
-0.1595 ,0.3235 ,-0.0934 ,-0.7665 ,-0.3178 ,0.3310 ,-0.4877 ,0.5756 ,-0.0060 ,0.4811 ,0.1164 ,-0.1050 ,-0.3682 ,0.0206 ,-0.8678 ,-0.2422 ,-0.9518 ,0.3774 ,0,1,0.0544 ,0
-0.1595 ,0.3235 ,-0.0934 ,-0.7665 ,-0.3178 ,0.3310 ,-0.4877 ,0.5756 ,-0.0060 ,0.4811 ,0.1164 ,-0.1050 ,-0.3682 ,0.0206 ,-0.8678 ,-0.2422 ,-0.8000 ,0.3774 ,0,1,0.0544 ,0
-0.1595 ,0.3235 ,-0.0934 ,-0.7665 ,-0.3178 ,0.3310 ,-0.4877 ,0.5756 ,-0.0060 ,0.4811 ,0.1164 ,-0.1050 ,-0.3682 ,0.0206 ,-0.8678 ,-0.2422 ,-0.4965 ,0.3774 ,0,1,0.0544 ,0
-0.1595 ,-0.0740 ,-0.0934 ,-0.7665 ,-0.3178 ,0.3310 ,-0.4877 ,0.5756 ,-0.0060 ,0.4811 ,0.1164 ,-0.1050 ,0.0952 ,0.5860 ,-0.8678 ,-0.2422 ,-0.3447 ,0.3774 ,0,0,0.0544 ,0
-0.1595 ,-0.1733 ,-0.0934 ,-0.7665 ,-0.3178 ,0.3310 ,-0.4877 ,0.5756 ,-0.0060 ,0.4811 ,0.1164 ,-0.1050 ,0.2637 ,0.5860 ,-0.8678 ,-0.2422 ,-0.3447 ,0.3774 ,1,0,0.0544 ,0
-1.9428 ,-0.6701 ,2.8448 ,1.5234 ,-0.7353 ,1.8107 ,-1.6677 ,-1.1815 ,-1.0832 ,-1.5484 ,-0.5860 ,3.2128 ,0.8955 ,0.0206 ,1.7820 ,-0.6523 ,1.9320 ,-2.7391 ,0,1,0.0544 ,0
-1.9428 ,-0.6701 ,2.8448 ,1.5234 ,-0.7353 ,1.8107 ,-1.6677 ,-1.1815 ,-1.0832 ,-1.5484 ,-0.5860 ,3.2128 ,0.8955 ,0.0206 ,1.7820 ,-0.6523 ,1.9320 ,-2.7391 ,0,1,0.0544 ,0
-1.9428 ,-0.6701 ,2.8448 ,1.5234 ,-0.7353 ,1.8107 ,-1.6677 ,-1.1815 ,-1.0832 ,-1.5484 ,-0.5860 ,3.2128 ,0.8955 ,0.0206 ,1.7820 ,-0.6523 ,1.9320 ,-2.7391 ,0,1,0.0544 ,0
-1.9428 ,-0.6701 ,2.8448 ,1.5234 ,-0.7353 ,1.8107 ,-1.6677 ,-1.1815 ,-1.0832 ,-1.5484 ,-0.5860 ,3.2128 ,0.8955 ,0.0206 ,1.7820 ,-0.6523 ,1.9320 ,-2.7391 ,0,1,0.0544 ,0
-1.9428 ,-0.6701 ,2.8448 ,1.5234 ,-0.7353 ,1.8107 ,-1.6677 ,-1.1815 ,-1.0832 ,-1.5484 ,-0.5860 ,3.2128 ,0.8955 ,0.0206 ,1.7820 ,-0.6523 ,1.9320 ,-2.7391 ,0,1,0.0544 ,0
-1.9428 ,-0.6701 ,2.8448 ,1.5234 ,-0.7353 ,1.8107 ,-1.6677 ,-1.1815 ,-1.0832 ,-1.5484 ,-0.5860 ,3.2128 ,-0.1576 ,0.0206 ,1.7820 ,-0.6523 ,1.9320 ,-2.7391 ,0,1,0.0544 ,0
-1.9428 ,-0.6701 ,2.8448 ,1.5234 ,-0.7353 ,1.8107 ,-1.6677 ,-1.1815 ,-1.0832 ,-1.5484 ,-0.5860 ,3.2128 ,0.8955 ,-2.2408 ,1.7820 ,-0.6523 ,1.9320 ,-2.7391 ,0,1,0.0544 ,0
-1.9428 ,-0.6701 ,2.8448 ,1.5234 ,-0.7353 ,1.8107 ,-1.6677 ,-1.1815 ,-1.0832 ,-1.5484 ,-0.5860 ,3.2128 ,0.8955 ,-1.1101 ,1.7820 ,-0.6523 ,1.9320 ,-2.7391 ,0,1,0.0544 ,0
-1.9428 ,-0.6701 ,2.8448 ,1.5234 ,-0.7353 ,1.8107 ,-1.6677 ,-1.1815 ,-1.0832 ,-1.5484 ,-0.5860 ,3.2128 ,0.8955 ,1.1513 ,1.7820 ,-0.6523 ,1.9320 ,-2.7391 ,0,1,0.0544 ,0
